--
-- PostgreSQL database dump
--

-- Dumped from database version 17.2
-- Dumped by pg_dump version 17.5 (Homebrew)

SET statement_timeout = 0;
SET lock_timeout = 0;
SET idle_in_transaction_session_timeout = 0;
SET transaction_timeout = 0;
SET client_encoding = 'UTF8';
SET standard_conforming_strings = on;
SELECT pg_catalog.set_config('search_path', '', false);
SET check_function_bodies = false;
SET xmloption = content;
SET client_min_messages = warning;
SET row_security = off;

--
-- Data for Name: User; Type: TABLE DATA; Schema: public; Owner: prisma_migration
--



--
-- Data for Name: Incident; Type: TABLE DATA; Schema: public; Owner: prisma_migration
--



--
-- Data for Name: departments; Type: TABLE DATA; Schema: public; Owner: prisma_migration
--

INSERT INTO public.departments VALUES ('cmdpp70u90000yzl9jdvw6xu0', 10101, 'A.G.M. MARKETING.');
INSERT INTO public.departments VALUES ('cmdpp70u90001yzl9ptgfhyqq', 10102, 'ACVS');
INSERT INTO public.departments VALUES ('cmdpp70u90002yzl9awxrkrjf', 10103, 'ACVS - OFFICE');
INSERT INTO public.departments VALUES ('cmdpp70u90003yzl97b4an2h3', 10104, 'ADMIN-MOVEMENT');
INSERT INTO public.departments VALUES ('cmdpp70u90004yzl9ao3uyi0y', 10105, 'ADMINISTRATION (TECH)');
INSERT INTO public.departments VALUES ('cmdpp70u90005yzl9hoz7cugx', 10106, 'AXLE MACHINE SHOP');
INSERT INTO public.departments VALUES ('cmdpp70u90006yzl9bd0g27no', 10107, 'BLAST FURNACE');
INSERT INTO public.departments VALUES ('cmdpp70u90007yzl9bekxfu19', 10108, 'BLAST FURNACE (CAST HOUSE)');
INSERT INTO public.departments VALUES ('cmdpp70u90008yzl9yvboenqk', 10109, 'BLAST FURNACE (CRANE)');
INSERT INTO public.departments VALUES ('cmdpp70u90009yzl9a7bku53w', 10110, 'BLAST FURNACE (ELECT)');
INSERT INTO public.departments VALUES ('cmdpp70u9000ayzl9hsxkz738', 10111, 'BLAST FURNACE (FURNACE)');
INSERT INTO public.departments VALUES ('cmdpp70u9000byzl9g1r10hla', 10112, 'BLAST FURNACE (GCP)');
INSERT INTO public.departments VALUES ('cmdpp70u9000cyzl9xu3iqb0h', 10113, 'BLAST FURNACE (MECH)');
INSERT INTO public.departments VALUES ('cmdpp70u9000dyzl9wv8izvhl', 10114, 'BLAST FURNACE (MIXER BAY)');
INSERT INTO public.departments VALUES ('cmdpp70u9000eyzl94ggh6sbb', 10115, 'BLAST FURNACE (OFFICE)');
INSERT INTO public.departments VALUES ('cmdpp70u9000fyzl9zeaonta9', 10116, 'BLAST FURNACE (OPERATION)');
INSERT INTO public.departments VALUES ('cmdpp70u9000gyzl9wzp6qznm', 10117, 'BLAST FURNACE (PCM)');
INSERT INTO public.departments VALUES ('cmdpp70u9000hyzl99in1tllm', 10118, 'BLAST FURNACE (STOCK HOUSE & HL)');
INSERT INTO public.departments VALUES ('cmdpp70u9000iyzl9cl02xqpa', 10119, 'BLAST FURNACE (TECH)');
INSERT INTO public.departments VALUES ('cmdpp70u9000jyzl9znh1ehky', 10120, 'BUSINESS EXCELLENCE(NON TECH)');
INSERT INTO public.departments VALUES ('cmdpp70u9000kyzl9adoa37b0', 10121, 'BUSINESS EXCELLENCE(TECH)');
INSERT INTO public.departments VALUES ('cmdpp70u9000lyzl9zqzfk0k5', 10122, 'BUSINESS PLANNING & MKTG.');
INSERT INTO public.departments VALUES ('cmdpp70u9000nyzl97mpqpfrb', 98540, 'C & IT (TECH)');
INSERT INTO public.departments VALUES ('cmdpp70u9000oyzl9v9vj37d0', 10123, 'CALCUTTA BRANCH');
INSERT INTO public.departments VALUES ('cmdpp70u9000pyzl9umwz3vmb', 10124, 'CALCUTTA BRANCH (EXE)');
INSERT INTO public.departments VALUES ('cmdpp70u9000qyzl9br5rwfg4', 10125, 'CCM & RMW');
INSERT INTO public.departments VALUES ('cmdpp70u9000ryzl9qw8igqfx', 10126, 'CCM & RMW (OFFICE)');
INSERT INTO public.departments VALUES ('cmdpp70u9000syzl9s5v2wjuq', 10127, 'CEM');
INSERT INTO public.departments VALUES ('cmdpp70u9000tyzl9t4n59xik', 10128, 'CEM (ELECT)');
INSERT INTO public.departments VALUES ('cmdpp70u9000uyzl94iqcggt4', 10129, 'CEM (FITTING SHOP)');
INSERT INTO public.departments VALUES ('cmdpp70u9000vyzl9bv4jhk5i', 10130, 'CEM (FORGE SHOP)');
INSERT INTO public.departments VALUES ('cmdpp70u9000wyzl9ei1brkl3', 10131, 'CEM (MACHINE SHOP)');
INSERT INTO public.departments VALUES ('cmdpp70u9000xyzl9wa8d8ndr', 10132, 'CEM (MECH)');
INSERT INTO public.departments VALUES ('cmdpp70u9000yyzl9es01jhig', 10133, 'CEM (PLANNING & PROGRESS)');
INSERT INTO public.departments VALUES ('cmdpp70u9000zyzl9p949re6w', 10134, 'CEM (STORES)');
INSERT INTO public.departments VALUES ('cmdpp70u90010yzl9e8yegcpd', 10135, 'CEM (STRUCTURAL SHOP)');
INSERT INTO public.departments VALUES ('cmdpp70u90011yzl918pgttbz', 10136, 'CEM (TECH)');
INSERT INTO public.departments VALUES ('cmdpp70u90012yzl9qe39yb6n', 10137, 'CENTRAL CRANE MAINT.');
INSERT INTO public.departments VALUES ('cmdpp70u90013yzl964gdz6ro', 10138, 'CENTRAL ELECTRICAL POOL');
INSERT INTO public.departments VALUES ('cmdpp70u90014yzl94ch3d698', 10139, 'CENTRAL STORES (OFFICE)');
INSERT INTO public.departments VALUES ('cmdpp70u90015yzl9hqzoyu24', 10140, 'CENTRAL STORES (TECH)');
INSERT INTO public.departments VALUES ('cmdpp70ua0016yzl97z0cb3zw', 10141, 'CENTRAL STORES DEPTT.');
INSERT INTO public.departments VALUES ('cmdpp70ua0017yzl9vmfalidd', 10142, 'CENTRALISED COMPRESSED AIR STATION');
INSERT INTO public.departments VALUES ('cmdpp70ua0018yzl9vendjk4s', 10143, 'CHRD INDUSTRIAL 2(TRADE APPRENTICE)');
INSERT INTO public.departments VALUES ('cmdpp70ua0019yzl9wng36ukc', 10144, 'CO & CC');
INSERT INTO public.departments VALUES ('cmdpp70ua001ayzl9g71sgyjh', 10145, 'CO & CC (BATTERY)');
INSERT INTO public.departments VALUES ('cmdpp70ua001byzl9fy2pvsq7', 10146, 'CO & CC (COAL CHEMICALS)');
INSERT INTO public.departments VALUES ('cmdpp70ua001cyzl941ymdu9z', 10147, 'CO & CC (COAL HANDLING)');
INSERT INTO public.departments VALUES ('cmdpp70ua001dyzl91s1farye', 10148, 'CO & CC (ELECT)');
INSERT INTO public.departments VALUES ('cmdpp70ua001eyzl91l23oi4n', 10149, 'CO & CC (MECH)');
INSERT INTO public.departments VALUES ('cmdpp70ua001fyzl9mr5ohlop', 10150, 'CO & CC (OFFICE)');
INSERT INTO public.departments VALUES ('cmdpp70ua001gyzl9z86vn2ga', 10151, 'COKE OVEN REFRACTORY');
INSERT INTO public.departments VALUES ('cmdpp70ua001hyzl9calfih0g', 10152, 'COMPRESSOR AIR STATION');
INSERT INTO public.departments VALUES ('cmdpp70ua001iyzl9d5x54d1f', 10153, 'COMPUTER and IT STAFF');
INSERT INTO public.departments VALUES ('cmdpp70ua001jyzl96bpsp8jf', 10154, 'CONTRACT DEPTT');
INSERT INTO public.departments VALUES ('cmdpp70ua001kyzl99zb16bvg', 10155, 'CONTRACT DEPTT (TECH)');
INSERT INTO public.departments VALUES ('cmdpp70ua001lyzl9mk0pbxx5', 10156, 'CORPORATE SOCIAL RESPONSIBILITY');
INSERT INTO public.departments VALUES ('cmdpp70ua001myzl998ofct9d', 10157, 'COST CONTROL');
INSERT INTO public.departments VALUES ('cmdpp70ua001nyzl9dxym8vg1', 10158, 'DELHI BRANCH OFFICE');
INSERT INTO public.departments VALUES ('cmdpp70ua001oyzl9znyrfglb', 10159, 'DELHI RESIDANCE OFFICE');
INSERT INTO public.departments VALUES ('cmdpp70ua001pyzl9sibhvlr2', 10160, 'DESIGN DEPARTMENT(TECH)');
INSERT INTO public.departments VALUES ('cmdpp70ua001qyzl9ec05mhdz', 10161, 'DIC''S OFFICE COORDINATION');
INSERT INTO public.departments VALUES ('cmdpp70ua001ryzl9m28pbxdc', 10162, 'DIC''S TECHNICAL CELL');
INSERT INTO public.departments VALUES ('cmdpp70ua001syzl9ozs95pm4', 10163, 'DIC''s Office');
INSERT INTO public.departments VALUES ('cmdpp70ua001tyzl9snrtaaa6', 10164, 'ED (WORKS)');
INSERT INTO public.departments VALUES ('cmdpp70ua001uyzl9mulz1hqe', 10165, 'ED (WORKS) OFFICE');
INSERT INTO public.departments VALUES ('cmdpp70ua001vyzl93yz537rb', 10166, 'ED (WORKS) SECTT');
INSERT INTO public.departments VALUES ('cmdpp70ua001wyzl9zdah7fad', 10167, 'ED WORKS (TECH)');
INSERT INTO public.departments VALUES ('cmdpp70ua001xyzl9rdm755tq', 10168, 'EDUCATION (C.B.S.E-1)');
INSERT INTO public.departments VALUES ('cmdpp70ua001yyzl9601kbfoj', 10169, 'EDUCATION (TECH)');
INSERT INTO public.departments VALUES ('cmdpp70ua001zyzl9lzplkih8', 10170, 'ELE.COORDINATION (TECH)');
INSERT INTO public.departments VALUES ('cmdpp70ua0020yzl9qfky48tp', 10171, 'ELECT.COORDINATION');
INSERT INTO public.departments VALUES ('cmdpp70ua0021yzl90rhbk4t7', 10172, 'ELECTRICAL REPAIR SHOP');
INSERT INTO public.departments VALUES ('cmdpp70ua0022yzl9o2vrcbmq', 10173, 'ELECTRICAL REPAIR SHOP (OFFICE)');
INSERT INTO public.departments VALUES ('cmdpp70ua0023yzl9jc3j8d5g', 10174, 'ELECTRICAL TECHNICAL LAB.');
INSERT INTO public.departments VALUES ('cmdpp70ua0024yzl9s2ei2chb', 10175, 'ENERGY MANAGEMENT DEPTT.');
INSERT INTO public.departments VALUES ('cmdpp70ua0025yzl9b2sp30ij', 10176, 'ENERGY MANAGEMENT DEPTT.(OFFICE)');
INSERT INTO public.departments VALUES ('cmdpp70ua0026yzl953jvphqu', 10177, 'ENVIRONMENT CONTROL DEPTT');
INSERT INTO public.departments VALUES ('cmdpp70ua0027yzl9i6xc2vln', 10178, 'ENVIRONMENT CONTROL DEPTT (OFFICE)');
INSERT INTO public.departments VALUES ('cmdpp70ua0028yzl99w725lrz', 10179, 'ESTATE & TOWNSHIP BRANCH');
INSERT INTO public.departments VALUES ('cmdpp70ua0029yzl9iucuugh0', 10180, 'ESTATE-ACCOUNTS');
INSERT INTO public.departments VALUES ('cmdpp70ua002ayzl9312e0y09', 10181, 'ETL (TECH)');
INSERT INTO public.departments VALUES ('cmdpp70ua002byzl9ss9b9ufc', 10182, 'F&A-CASH SECTION');
INSERT INTO public.departments VALUES ('cmdpp70ua002cyzl9jsoqt1g2', 10183, 'F&A-CENTRAL BILL DOCKETING');
INSERT INTO public.departments VALUES ('cmdpp70ua002dyzl9k6a269kw', 10184, 'F&A-COST SECTION');
INSERT INTO public.departments VALUES ('cmdpp70ua002eyzl91rbyhcs3', 10185, 'F&A-ESTABLISHMENT SECTION');
INSERT INTO public.departments VALUES ('cmdpp70ua002fyzl92en6t8qa', 10186, 'F&A-EXCISE CELL');
INSERT INTO public.departments VALUES ('cmdpp70ua002gyzl9kzmd8s17', 10187, 'F&A-FINAL SETTLE CELL-PAY');
INSERT INTO public.departments VALUES ('cmdpp70ua002hyzl95z29thsm', 10188, 'F&A-IPU PAYMENTS AND ACCOUNT');
INSERT INTO public.departments VALUES ('cmdpp70ua002iyzl9hd3shmyn', 10189, 'F&A-MAIN ACCOUNTS SECTION');
INSERT INTO public.departments VALUES ('cmdpp70ua002jyzl963o758dl', 10190, 'F&A-MISC WORKS BILL SECTION');
INSERT INTO public.departments VALUES ('cmdpp70ua002kyzl9umm1nboy', 10191, 'F&A-OPERATION BILL SECTION');
INSERT INTO public.departments VALUES ('cmdpp70ua002lyzl9x5calnhc', 10192, 'F&A-PAY ACCOUNTS CELL');
INSERT INTO public.departments VALUES ('cmdpp70ua002myzl9mnw2w0ij', 10193, 'F&A-PAY-EXECUTIVES');
INSERT INTO public.departments VALUES ('cmdpp70ua002nyzl9y74uv0of', 10194, 'F&A-PAY-GENERAL');
INSERT INTO public.departments VALUES ('cmdpp70ua002oyzl9ts7pa4o1', 10195, 'F&A-PAY-LTC');
INSERT INTO public.departments VALUES ('cmdpp70ua002pyzl93oyci21g', 10196, 'F&A-PAY-PRODUCTION');
INSERT INTO public.departments VALUES ('cmdpp70ua002qyzl9cn3jvb0i', 10197, 'F&A-PROVIDENT FUND SECTION');
INSERT INTO public.departments VALUES ('cmdpp70ua002ryzl9f29bolyb', 10198, 'F&A-RAW MATERIAL ACCOUNTS');
INSERT INTO public.departments VALUES ('cmdpp70ua002syzl9z99ywtt0', 10199, 'F&A-RLY FREIGHT SECTION');
INSERT INTO public.departments VALUES ('cmdpp70ua002tyzl9fi2uiz4s', 10200, 'F&A-SALES ACCOUNTS');
INSERT INTO public.departments VALUES ('cmdpp70ua002uyzl94h9d49mj', 10201, 'F&A-SALES INVOICE SECTION');
INSERT INTO public.departments VALUES ('cmdpp70ua002vyzl9k91odljt', 10202, 'F&A-SALES TAX');
INSERT INTO public.departments VALUES ('cmdpp70ua002wyzl92603gy0x', 10203, 'F&A-STOCK VERIFICATION');
INSERT INTO public.departments VALUES ('cmdpp70ua002xyzl9z2un7vm1', 10204, 'F&A-STOCK VERIFICATION (TECH)');
INSERT INTO public.departments VALUES ('cmdpp70ua002yyzl9pzjrrgsr', 10205, 'F&A-WELF & MISC BILLS & A/Cs');
INSERT INTO public.departments VALUES ('cmdpp70ua002zyzl9xgleehz2', 10206, 'FINANCE & A/C BRANCH');
INSERT INTO public.departments VALUES ('cmdpp70ua0030yzl9i5w3cow3', 10207, 'FIRE SERVICE');
INSERT INTO public.departments VALUES ('cmdpp70ua0031yzl9tee9jtes', 10208, 'FIRE SERVICES');
INSERT INTO public.departments VALUES ('cmdpp70ua0032yzl92zqt39uq', 10209, 'FIRE SERVICES (TECH)');
INSERT INTO public.departments VALUES ('cmdpp70ua0033yzl9rkxosafn', 10210, 'FOUNDRY');
INSERT INTO public.departments VALUES ('cmdpp70ua0034yzl9v4bvu8yj', 10211, 'FOUNDRY (CASTING)');
INSERT INTO public.departments VALUES ('cmdpp70ua0035yzl98583w2ln', 10212, 'FOUNDRY (CORE SHOP)');
INSERT INTO public.departments VALUES ('cmdpp70ua0036yzl957ixhnqd', 10213, 'FOUNDRY (CUPOLA)');
INSERT INTO public.departments VALUES ('cmdpp70ua0037yzl97fufkva0', 10214, 'FOUNDRY (ELECT)');
INSERT INTO public.departments VALUES ('cmdpp70ua0038yzl9cuq5v633', 10215, 'FOUNDRY (FETTLING SHOP)');
INSERT INTO public.departments VALUES ('cmdpp70ua0039yzl9crpww277', 10216, 'FOUNDRY (INGOT MOULDING)');
INSERT INTO public.departments VALUES ('cmdpp70ua003ayzl9seheszo2', 10217, 'FOUNDRY (MECH)');
INSERT INTO public.departments VALUES ('cmdpp70ua003byzl983dys7h4', 10218, 'FOUNDRY (NON FERROUS)');
INSERT INTO public.departments VALUES ('cmdpp70ua003cyzl9w664377d', 10219, 'FOUNDRY (OFFICE)');
INSERT INTO public.departments VALUES ('cmdpp70ua003dyzl9r2imjjzu', 10220, 'FOUNDRY (PATTERN SHOP)');
INSERT INTO public.departments VALUES ('cmdpp70ua003eyzl9aqeo1lb0', 10221, 'FOUNDRY (STEEL CASTING)');
INSERT INTO public.departments VALUES ('cmdpp70ua003fyzl9dql4wkhc', 10222, 'FOUNDRY (TECH)');
INSERT INTO public.departments VALUES ('cmdpp70ua003gyzl9somcxko9', 10223, 'G.M. PROJECTS OFFICE.');
INSERT INTO public.departments VALUES ('cmdpp70ua003hyzl9cfxxe44y', 10224, 'GARAGE-OFFICE STAFF');
INSERT INTO public.departments VALUES ('cmdpp70ua003iyzl9udqxw7n9', 10225, 'GARAGE-SUPVRS');
INSERT INTO public.departments VALUES ('cmdpp70ua003jyzl9ndu0opzi', 10226, 'GM IT (OFFICE)');
INSERT INTO public.departments VALUES ('cmdpp70ua003kyzl9o7rkub5s', 10227, 'HEAVY MAINTENANCE & CONSTN.');
INSERT INTO public.departments VALUES ('cmdpp70ua003lyzl9gpk0cr3l', 10228, 'HEAVY MAINTENANCE & CONSTN.(OFFICE');
INSERT INTO public.departments VALUES ('cmdpp70ua003myzl9wv648egd', 10229, 'HOSPITAL (TECH)');
INSERT INTO public.departments VALUES ('cmdpp70ua003nyzl99xxvcg6o', 10230, 'HOSPITAL OFFICE');
INSERT INTO public.departments VALUES ('cmdpp70ua003oyzl9qhwuv1zt', 10231, 'HOSPITAL-TECHNICAL-INDU.');
INSERT INTO public.departments VALUES ('cmdpp70ua003pyzl9tpi0krwb', 10232, 'HR');
INSERT INTO public.departments VALUES ('cmdpp70ua003qyzl9ioj93oa6', 10233, 'HR (NW)');
INSERT INTO public.departments VALUES ('cmdpp70ub003ryzl9amrxh627', 10234, 'HR (OD)');
INSERT INTO public.departments VALUES ('cmdpp70ub003syzl9nug1sqp2', 10235, 'HR (RECTT)');
INSERT INTO public.departments VALUES ('cmdpp70ub003tyzl9i6c548ik', 10236, 'HR (TECH)');
INSERT INTO public.departments VALUES ('cmdpp70ub003uyzl9k4slvu3m', 10237, 'HR (TS)');
INSERT INTO public.departments VALUES ('cmdpp70ub003vyzl9rracu1m1', 10238, 'HR (TS) IND');
INSERT INTO public.departments VALUES ('cmdpp70ub003wyzl96kzobvfi', 10239, 'HR (WORKS)');
INSERT INTO public.departments VALUES ('cmdpp70ub003xyzl9zv5vo2qc', 10240, 'HR (WORKS) IND');
INSERT INTO public.departments VALUES ('cmdpp70ub003yyzl9yvgl9tq2', 10241, 'HR (WORKS) TECH');
INSERT INTO public.departments VALUES ('cmdpp70ub003zyzl9zm4j7sqs', 10242, 'INDUSTRIAL ENGINEERING DEPTT.');
INSERT INTO public.departments VALUES ('cmdpp70ub0040yzl9t8ljiq0o', 10243, 'INSTRUMENTATION');
INSERT INTO public.departments VALUES ('cmdpp70ub0041yzl97btl99a5', 10244, 'INSTRUMENTATION (OFFICE)');
INSERT INTO public.departments VALUES ('cmdpp70ub0042yzl95svkw1bw', 10245, 'INTERNAL AUDIT');
INSERT INTO public.departments VALUES ('cmdpp70ub0043yzl9ulsib7z7', 10246, 'IPU (OFFICE)');
INSERT INTO public.departments VALUES ('cmdpp70ub0044yzl9hrmu7nlw', 10247, 'L & D');
INSERT INTO public.departments VALUES ('cmdpp70ub0045yzl9wuinu09l', 10248, 'L & D (ACTT)');
INSERT INTO public.departments VALUES ('cmdpp70ub0046yzl9f4oc7pc8', 10249, 'L & D (OCTT)');
INSERT INTO public.departments VALUES ('cmdpp70ub0047yzl9xtbl8hss', 10250, 'L & D (TECH)');
INSERT INTO public.departments VALUES ('cmdpp70ub0048yzl9ku0j60ri', 10251, 'L & D IND');
INSERT INTO public.departments VALUES ('cmdpp70ub0049yzl9ujc8rrz8', 10252, 'L & D OFFICE');
INSERT INTO public.departments VALUES ('cmdpp70ub004ayzl92wb8u2y3', 10253, 'LAW');
INSERT INTO public.departments VALUES ('cmdpp70ub004byzl9iqy1j3sx', 10254, 'LAW (TECH)');
INSERT INTO public.departments VALUES ('cmdpp70ub004cyzl910cxl51r', 10255, 'LAW OFFICER');
INSERT INTO public.departments VALUES ('cmdpp70ub004dyzl9ki2knxy5', 10256, 'LOCO REPAIR SHOP');
INSERT INTO public.departments VALUES ('cmdpp70ub004eyzl973iy1zoa', 10257, 'LOCO REPAIR SHOP (OFFICE)');
INSERT INTO public.departments VALUES ('cmdpp70ub004fyzl9zyb2vo78', 10258, 'M&HS(1)');
INSERT INTO public.departments VALUES ('cmdpp70ub004gyzl90g215xk8', 10259, 'M&HS(2)');
INSERT INTO public.departments VALUES ('cmdpp70ub004hyzl92gane6y4', 10260, 'MANAGEMENT TRAINEE(TECHNICAL)');
INSERT INTO public.departments VALUES ('cmdpp70ub004iyzl9rw3ry4fl', 10261, 'MARKETING DIVISION');
INSERT INTO public.departments VALUES ('cmdpp70ub004jyzl9auboxzir', 10262, 'MATERIAL MANAGEMENT');
INSERT INTO public.departments VALUES ('cmdpp70ub004kyzl9cvjf93fm', 10263, 'MEDICAL AND HEALTH SERV(OTH)');
INSERT INTO public.departments VALUES ('cmdpp70ub004lyzl9i7kumvh2', 10264, 'MEDICAL ORGANISATION');
INSERT INTO public.departments VALUES ('cmdpp70ub004myzl9y0l19xjh', 10265, 'MERCHANT MILL (DESP)');
INSERT INTO public.departments VALUES ('cmdpp70ub004nyzl9pgnnolh5', 10266, 'MERCHANT MILL (ELECT)');
INSERT INTO public.departments VALUES ('cmdpp70ub004oyzl98lufzwbe', 10267, 'MERCHANT MILL (MECH)');
INSERT INTO public.departments VALUES ('cmdpp70ub004pyzl9ro0ahoin', 10268, 'MERCHANT MILL (OFFICE)');
INSERT INTO public.departments VALUES ('cmdpp70ub004qyzl98f6p3ep9', 10269, 'MERCHANT MILL (OPRN)');
INSERT INTO public.departments VALUES ('cmdpp70ub004ryzl9s6zvdkuz', 10270, 'MERCHANT MILL (TECH)');
INSERT INTO public.departments VALUES ('cmdpp70ub004syzl9kfxdbopo', 10271, 'MRD');
INSERT INTO public.departments VALUES ('cmdpp70ub004tyzl957k4nfp6', 10272, 'MRD & SBO');
INSERT INTO public.departments VALUES ('cmdpp70ub004uyzl95fcjprqw', 10273, 'MRD (OFFICE)');
INSERT INTO public.departments VALUES ('cmdpp70ub004vyzl9jp38xtni', 10274, 'MSM (OFFICE)');
INSERT INTO public.departments VALUES ('cmdpp70ub004wyzl97e2x8wt4', 10275, 'MSM (OPRN)');
INSERT INTO public.departments VALUES ('cmdpp70ub004xyzl98m0gqxoh', 10276, 'MSM (TECH)');
INSERT INTO public.departments VALUES ('cmdpp70ub004yyzl94cjxh4li', 10277, 'MTB');
INSERT INTO public.departments VALUES ('cmdpp70ub004zyzl9svci9lez', 10278, 'MTB (TECH)');
INSERT INTO public.departments VALUES ('cmdpp70ub0050yzl94mm2pe0v', 10279, 'OXYGEN PLANT');
INSERT INTO public.departments VALUES ('cmdpp70ub0051yzl9laq2iezw', 10280, 'OXYGEN PLANT (MECH)');
INSERT INTO public.departments VALUES ('cmdpp70ub0052yzl9hpnbpgpb', 10281, 'OXYGEN PLANT (OFFICE)');
INSERT INTO public.departments VALUES ('cmdpp70ub0053yzl9g2cdfztm', 10282, 'OXYGEN PLANT (OPRN)');
INSERT INTO public.departments VALUES ('cmdpp70ub0054yzl90vopzrg3', 10283, 'OXYGEN PLANT (TECH)');
INSERT INTO public.departments VALUES ('cmdpp70ub0055yzl92roywlt6', 10284, 'P.R.O.');
INSERT INTO public.departments VALUES ('cmdpp70ub0056yzl939ackcbp', 10285, 'PERMANENT WAY ENGINEERING');
INSERT INTO public.departments VALUES ('cmdpp70ub0057yzl96qj4fayf', 10286, 'PERMANENT WAY ENGINEERING (OFFICE)');
INSERT INTO public.departments VALUES ('cmdpp70ub0058yzl9jqokd9xn', 10287, 'PLANT CIVIL ENGG. (OFFICE)');
INSERT INTO public.departments VALUES ('cmdpp70ub0059yzl9ha8n3pwe', 10288, 'PLANT CIVIL ENGINEERING');
INSERT INTO public.departments VALUES ('cmdpp70ub005ayzl9n4y2f3pi', 10289, 'PLANT CIVIL ENGINEERING (DIV I)');
INSERT INTO public.departments VALUES ('cmdpp70ub005byzl9mj2lilo8', 10290, 'PLANT CIVIL ENGINEERING (DIV II)');
INSERT INTO public.departments VALUES ('cmdpp70ub005cyzl9jdj52x5y', 10291, 'PLANT CIVIL ENGINEERING (DIV III)');
INSERT INTO public.departments VALUES ('cmdpp70ub005dyzl95f3pchmv', 10292, 'PLANT CIVIL ENGINEERING (DIV IV)');
INSERT INTO public.departments VALUES ('cmdpp70ub005eyzl9co8pl9qh', 10293, 'PLANT DESIGN & DRAWING DEPTT');
INSERT INTO public.departments VALUES ('cmdpp70ub005fyzl9jdb2vyn9', 10294, 'PLANT DESIGN & DRAWING DEPTT(OFFIC');
INSERT INTO public.departments VALUES ('cmdpp70ub005gyzl98aoqe9ja', 10295, 'PLANT GARAGE');
INSERT INTO public.departments VALUES ('cmdpp70ub005hyzl9wzmiop5m', 10296, 'PLANT GARAGE (M.H.E.M.D.)');
INSERT INTO public.departments VALUES ('cmdpp70ub005iyzl99uj2befn', 10297, 'PLANT GARAGE (M.H.E.O.D.)');
INSERT INTO public.departments VALUES ('cmdpp70ub005jyzl95ug68gni', 10298, 'PLANT GARAGE (OFFICE - MAINT)');
INSERT INTO public.departments VALUES ('cmdpp70ub005kyzl97s42g06j', 10299, 'PLANT GARAGE (OFFICE - OPRN)');
INSERT INTO public.departments VALUES ('cmdpp70ub005lyzl9i1p0jjhd', 10300, 'PLANT GARAGE (TECH)');
INSERT INTO public.departments VALUES ('cmdpp70ub005myzl9us3z9kym', 10301, 'POWER MANAGEMENT DEPTT.');
INSERT INTO public.departments VALUES ('cmdpp70ub005nyzl9mae5e4hb', 10302, 'POWER MANAGEMENT DEPTT.(OFFICE)');
INSERT INTO public.departments VALUES ('cmdpp70ub005oyzl9ylrqjrab', 10303, 'POWER PLANT');
INSERT INTO public.departments VALUES ('cmdpp70ub005pyzl91tdoezjt', 10304, 'POWER PLANT (ELECT)');
INSERT INTO public.departments VALUES ('cmdpp70ub005qyzl9ozoheh0k', 10305, 'POWER PLANT (MECH)');
INSERT INTO public.departments VALUES ('cmdpp70ub005ryzl947fef14d', 10306, 'POWER PLANT (OFFICE)');
INSERT INTO public.departments VALUES ('cmdpp70ub005syzl9yn9phyyo', 10307, 'POWER PLANT (OPRN)');
INSERT INTO public.departments VALUES ('cmdpp70ub005tyzl9mbq971ch', 10308, 'PPCD');
INSERT INTO public.departments VALUES ('cmdpp70ub005uyzl9zi1mwd5i', 10309, 'PPCD (TECH)');
INSERT INTO public.departments VALUES ('cmdpp70ub005vyzl9y8orgrq9', 10310, 'PROJECT ENGINEERING DEPTT.');
INSERT INTO public.departments VALUES ('cmdpp70ub005wyzl9qlj2yfoq', 10311, 'PROJECTS (TECH)');
INSERT INTO public.departments VALUES ('cmdpp70ub005xyzl9mbenv20g', 10312, 'PUBLIC RELATIONS');
INSERT INTO public.departments VALUES ('cmdpp70ub005yyzl9ztgsxzna', 10313, 'PUBLIC RELATIONS (TECH)');
INSERT INTO public.departments VALUES ('cmdpp70ub005zyzl9hpz00dri', 10314, 'PURCHASE (TECH)');
INSERT INTO public.departments VALUES ('cmdpp70ub0060yzl98iny4g4t', 10315, 'PURCHASE SECTION');
INSERT INTO public.departments VALUES ('cmdpp70ub0061yzl9h6ozqkut', 10316, 'Project Technical');
INSERT INTO public.departments VALUES ('cmdpp70ub0062yzl9gdil1l06', 10317, 'R & C LABORATORY');
INSERT INTO public.departments VALUES ('cmdpp70ub0063yzl92600rayx', 10318, 'R & C LABORATORY (OFFICE)');
INSERT INTO public.departments VALUES ('cmdpp70ub0064yzl9gbz44yym', 10319, 'RAJBHASHA (TECH)');
INSERT INTO public.departments VALUES ('cmdpp70ub0065yzl93foqf6cx', 10320, 'RAJBHASHA VIBHAG');
INSERT INTO public.departments VALUES ('cmdpp70ub0066yzl9ykweg634', 10321, 'RAW MATERIALS DEPTT.');
INSERT INTO public.departments VALUES ('cmdpp70ub0067yzl9xdyvt7hp', 10322, 'RAW MATERIALS DEPTT. (OFFICE)');
INSERT INTO public.departments VALUES ('cmdpp70ub0068yzl9z09uhhuf', 10323, 'REFRACTORY');
INSERT INTO public.departments VALUES ('cmdpp70ub0069yzl9dfuektws', 10324, 'REFRACTORY (OFFICE)');
INSERT INTO public.departments VALUES ('cmdpp70ub006ayzl969r2y4uo', 10325, 'RMD (TECH)');
INSERT INTO public.departments VALUES ('cmdpp70ub006byzl93xrj5zl4', 10326, 'RMHP');
INSERT INTO public.departments VALUES ('cmdpp70ub006cyzl94msbkvoo', 10327, 'RMHP (ELECT)');
INSERT INTO public.departments VALUES ('cmdpp70ub006dyzl97hj0d710', 10328, 'RMHP (MECH)');
INSERT INTO public.departments VALUES ('cmdpp70ub006eyzl99ks40745', 10329, 'RMHP (OFFICE)');
INSERT INTO public.departments VALUES ('cmdpp70ub006fyzl9nz1pt1iv', 10330, 'RMHP (OPRN)');
INSERT INTO public.departments VALUES ('cmdpp70ub006gyzl91gt4fwqq', 10331, 'ROLL SHOP');
INSERT INTO public.departments VALUES ('cmdpp70ub006hyzl93oncmse7', 10332, 'ROLL SHOP (TECH)');
INSERT INTO public.departments VALUES ('cmdpp70ub006iyzl93xq8yxjy', 10333, 'S E TOWNSHIP MAINTENANCE');
INSERT INTO public.departments VALUES ('cmdpp70ub006jyzl9x8k3tt0f', 10334, 'S M S OFFICE STAFF');
INSERT INTO public.departments VALUES ('cmdpp70uc006kyzl9n9c839d7', 10335, 'SAFETY ENGG');
INSERT INTO public.departments VALUES ('cmdpp70uc006lyzl9jgwf38vx', 10336, 'SAFETY ENGG (OFFICE)');
INSERT INTO public.departments VALUES ('cmdpp70uc006myzl9x7ir9z5j', 10337, 'SAFETY ENGG (TECH)');
INSERT INTO public.departments VALUES ('cmdpp70uc006nyzl9yu7pf52p', 10338, 'SECTION MILL (DESP)');
INSERT INTO public.departments VALUES ('cmdpp70uc006oyzl9pc8mgrgv', 10339, 'SECTION MILL (ELECT)');
INSERT INTO public.departments VALUES ('cmdpp70uc006pyzl9j9befbta', 10340, 'SECTION MILL (MECH)');
INSERT INTO public.departments VALUES ('cmdpp70uc006qyzl9paexcz44', 10341, 'SECTION MILL (OFFICE)');
INSERT INTO public.departments VALUES ('cmdpp70uc006ryzl9huj8qbo6', 10342, 'SECTION MILL (OPRN)');
INSERT INTO public.departments VALUES ('cmdpp70uc006syzl9lw1gfjg8', 10343, 'SINTER PLANT (OFFICE)');
INSERT INTO public.departments VALUES ('cmdpp70uc006tyzl97618wksi', 10344, 'SINTER PLANT (TECH)');
INSERT INTO public.departments VALUES ('cmdpp70uc006uyzl9tb1m15de', 10345, 'SINTERING PLANT');
INSERT INTO public.departments VALUES ('cmdpp70uc006vyzl9hoaflhtn', 10346, 'SINTERING PLANT (ELECT)');
INSERT INTO public.departments VALUES ('cmdpp70uc006wyzl9ua3bf17n', 10347, 'SINTERING PLANT (MECH)');
INSERT INTO public.departments VALUES ('cmdpp70uc006xyzl9vsx0gftp', 10348, 'SINTERING PLANT (OPRN)');
INSERT INTO public.departments VALUES ('cmdpp70uc006yyzl9wqzkvp79', 10349, 'SLAG BANK');
INSERT INTO public.departments VALUES ('cmdpp70uc006zyzl9q7u3ju0d', 10350, 'SLAG BANK (OFFICE)');
INSERT INTO public.departments VALUES ('cmdpp70uc0070yzl9uics1wry', 10351, 'SMS');
INSERT INTO public.departments VALUES ('cmdpp70uc0071yzl96d05oyl9', 10352, 'SMS (Com.Pool)');
INSERT INTO public.departments VALUES ('cmdpp70uc0072yzl96a5ff3h6', 10353, 'SMS (OFFICE)');
INSERT INTO public.departments VALUES ('cmdpp70uc0073yzl9cmohz6nq', 10354, 'SMS (TECH)');
INSERT INTO public.departments VALUES ('cmdpp70uc0074yzl947vorn99', 10355, 'SMS-AUX (ELECT)');
INSERT INTO public.departments VALUES ('cmdpp70uc0075yzl9ust8j5ay', 10356, 'SMS-AUX (MECH)');
INSERT INTO public.departments VALUES ('cmdpp70uc0076yzl95nhteuzn', 10357, 'SMS-AUX (OPRN)');
INSERT INTO public.departments VALUES ('cmdpp70uc0077yzl9vwpnlt5p', 10358, 'SMS-BOF (ELECT)');
INSERT INTO public.departments VALUES ('cmdpp70uc0078yzl9bxid7fdy', 10359, 'SMS-BOF (MECH)');
INSERT INTO public.departments VALUES ('cmdpp70uc0079yzl9rc6lg11s', 10360, 'SMS-BOF (OPRN)');
INSERT INTO public.departments VALUES ('cmdpp70uc007ayzl9m7iaw39j', 10361, 'SMS-CCP (ELECT)');
INSERT INTO public.departments VALUES ('cmdpp70uc007byzl9s29tg113', 10362, 'SMS-CCP (MECH)');
INSERT INTO public.departments VALUES ('cmdpp70uc007cyzl94nd6qr9n', 10363, 'SMS-CCP (OPRN)');
INSERT INTO public.departments VALUES ('cmdpp70uc007dyzl9o5sg9wxa', 10364, 'SPU');
INSERT INTO public.departments VALUES ('cmdpp70uc007eyzl9rm3129rk', 10365, 'SPU(TECH)');
INSERT INTO public.departments VALUES ('cmdpp70uc007fyzl9nluwmuki', 10366, 'STRUCTURAL INSPECTION');
INSERT INTO public.departments VALUES ('cmdpp70uc007gyzl9xs0bn0qw', 10367, 'TELECOMMUNICATION');
INSERT INTO public.departments VALUES ('cmdpp70uc007hyzl940pnn73p', 10368, 'TOTAL QUALITY MANAGEMENT');
INSERT INTO public.departments VALUES ('cmdpp70uc007iyzl91jys7kke', 10369, 'TOWN SERV-B&R/PHM');
INSERT INTO public.departments VALUES ('cmdpp70uc007jyzl9xynef4rq', 10370, 'TOWN SERV-ELECT MAINT.');
INSERT INTO public.departments VALUES ('cmdpp70uc007kyzl9b4uaxu9n', 10371, 'TOWN SERVICES (TECH)');
INSERT INTO public.departments VALUES ('cmdpp70uc007lyzl96dpvaqpk', 10372, 'TOWNSHIP MAINTENANCE');
INSERT INTO public.departments VALUES ('cmdpp70uc007myzl9kvtezaa7', 10373, 'TRAFFIC');
INSERT INTO public.departments VALUES ('cmdpp70uc007nyzl9vjb42r6t', 10374, 'TRAFFIC (OFFICE)');
INSERT INTO public.departments VALUES ('cmdpp70uc007oyzl97o3tzrac', 10375, 'TXR');
INSERT INTO public.departments VALUES ('cmdpp70uc007pyzl9kdn0s6jo', 10376, 'TXR (OFFICE)');
INSERT INTO public.departments VALUES ('cmdpp70uc007qyzl9d3th8wjt', 10377, 'VIGILANCE');
INSERT INTO public.departments VALUES ('cmdpp70uc007ryzl9jzm09nzy', 10378, 'VIGILANCE (TECH)');
INSERT INTO public.departments VALUES ('cmdpp70uc007syzl9dihkn8qc', 10379, 'VIGILANCE FIELD STAFF');
INSERT INTO public.departments VALUES ('cmdpp70uc007tyzl9tmwnfipg', 10380, 'WAGON REPAIR SHOP');
INSERT INTO public.departments VALUES ('cmdpp70uc007uyzl977zfkwk3', 10381, 'WAGON REPAIR SHOP (OFFICE)');
INSERT INTO public.departments VALUES ('cmdpp70uc007vyzl93gek1hbz', 10382, 'WHEEL & AXLE PLANT (ELECT)');
INSERT INTO public.departments VALUES ('cmdpp70uc007wyzl9t5phiknf', 10383, 'WHEEL & AXLE PLANT (MECH)');
INSERT INTO public.departments VALUES ('cmdpp70uc007xyzl9owragu4r', 10384, 'WHEEL & AXLE PLANT (OFFICE)');
INSERT INTO public.departments VALUES ('cmdpp70uc007yyzl9souksf2g', 10385, 'WHEEL & AXLE PLANT (OPRN - ZONE I)');
INSERT INTO public.departments VALUES ('cmdpp70uc007zyzl9os6knzy7', 10386, 'WHEEL & AXLE PLANT (OPRN - ZONE II)');
INSERT INTO public.departments VALUES ('cmdpp70uc0080yzl9jg7zjft2', 10387, 'WHEEL & AXLE PLANT (OPRN)');
INSERT INTO public.departments VALUES ('cmdpp70uc0081yzl96z319tbw', 10388, 'WHEEL & AXLE PLANT (TECH)');
INSERT INTO public.departments VALUES ('cmdpp70uc0082yzl97l34xaew', 10389, 'WMD');
INSERT INTO public.departments VALUES ('cmdpp70uc0083yzl9s0kr8ket', 10390, 'WMD (MECH)');
INSERT INTO public.departments VALUES ('cmdpp70uc0084yzl9pj5vcxqv', 10391, 'WMD (OFFICE)');
INSERT INTO public.departments VALUES ('cmdpp70uc0085yzl9n6jcf91l', 10392, 'WMD (PIPE LINE)');
INSERT INTO public.departments VALUES ('cmdpp70uc0086yzl9dmrboosf', 10393, 'WMD (PUMP HOUSE)');
INSERT INTO public.departments VALUES ('cmdpp70uc0087yzl9o3ycx6h5', 10394, 'WMD (TECH)');
INSERT INTO public.departments VALUES ('cmdpp70uc0088yzl9z1zp2y4k', 10395, 'WMD (WATER TREATMENT)');
INSERT INTO public.departments VALUES ('cmdpp70u9000myzl9pm0m5u3r', 98500, 'C & IT');
INSERT INTO public.departments VALUES ('cme313zi00000yzksyg2hozdn', 0, 'DSP Main');


--
-- Data for Name: incident_types; Type: TABLE DATA; Schema: public; Owner: prisma_migration
--

INSERT INTO public.incident_types VALUES ('cmdpp713c0089yzl9sdq5doq8', 'BIOMETRIC');
INSERT INTO public.incident_types VALUES ('cmdpp713c008ayzl9qksg7d2u', 'CCTV');
INSERT INTO public.incident_types VALUES ('cmdpp713c008byzl92bqiux91', 'DSP.COM APPLICATIONS');
INSERT INTO public.incident_types VALUES ('cmdpp713c008cyzl9aqf3s973', 'ESS PASSWORD');
INSERT INTO public.incident_types VALUES ('cmdpp713c008dyzl9n7ivyu3w', 'ILINK INSTALLATION');
INSERT INTO public.incident_types VALUES ('cmdpp713c008eyzl9erx6sitj', 'INFRASTRUCTURE');
INSERT INTO public.incident_types VALUES ('cmdpp713c008fyzl9pncfsn29', 'INTERNET');
INSERT INTO public.incident_types VALUES ('cmdpp713c008gyzl9koergjn9', 'JAGRITI');
INSERT INTO public.incident_types VALUES ('cmdpp713c008hyzl92hb91fff', 'NETWORK');
INSERT INTO public.incident_types VALUES ('cmdpp713c008iyzl949rqb4p5', 'NEW DESKTOP');
INSERT INTO public.incident_types VALUES ('cmdpp713c008jyzl95vxycwgv', 'OTHERS');
INSERT INTO public.incident_types VALUES ('cmdpp713c008kyzl9le9kun56', 'PAYROLL');
INSERT INTO public.incident_types VALUES ('cmdpp713c008lyzl9w8y8tkku', 'PC & PERIPHERALS');
INSERT INTO public.incident_types VALUES ('cmdpp713c008myzl9qyujl6ui', 'POWER');
INSERT INTO public.incident_types VALUES ('cmdpp713c008nyzl9jqk4mkqn', 'PRINTERS');
INSERT INTO public.incident_types VALUES ('cmdpp713c008oyzl94myi3b8w', 'PROCESS CONTROL');
INSERT INTO public.incident_types VALUES ('cmdpp713c008pyzl958hw6tz5', 'SAIL.IN');
INSERT INTO public.incident_types VALUES ('cmdpp713c008qyzl9z2finj9f', 'SAP CONNECTIVITY');
INSERT INTO public.incident_types VALUES ('cmdpp713c008ryzl9zqnti93m', 'SAP FUNCTIONAL');
INSERT INTO public.incident_types VALUES ('cmdpp713c008syzl9xrmpldyg', 'SAP FUNCTIONAL - BI');
INSERT INTO public.incident_types VALUES ('cmdpp713c008tyzl9rlji7hqt', 'SAP FUNCTIONAL - CO');
INSERT INTO public.incident_types VALUES ('cmdpp713c008uyzl9c8u3gqq2', 'SAP FUNCTIONAL - FI');
INSERT INTO public.incident_types VALUES ('cmdpp713c008vyzl924up6g5q', 'SAP FUNCTIONAL - MM/SRM');
INSERT INTO public.incident_types VALUES ('cmdpp713c008wyzl9iues0zct', 'SAP FUNCTIONAL - PM');
INSERT INTO public.incident_types VALUES ('cmdpp713c008xyzl97hu6j8au', 'SAP FUNCTIONAL - PP');
INSERT INTO public.incident_types VALUES ('cmdpp713c008yyzl93uj1lol6', 'SAP FUNCTIONAL - QM');
INSERT INTO public.incident_types VALUES ('cmdpp713c008zyzl9o6jny6cz', 'SAP FUNCTIONAL - RE');
INSERT INTO public.incident_types VALUES ('cmdpp713c0090yzl9cyvcy9i4', 'SAP FUNCTIONAL - SD');
INSERT INTO public.incident_types VALUES ('cmdpp713c0091yzl9lcq41hzq', 'SAP GUI INSTALLATION');
INSERT INTO public.incident_types VALUES ('cmdpp713c0092yzl9zncy6wx0', 'SAP PASSWORD/AUTHENTICATION');
INSERT INTO public.incident_types VALUES ('cmdpp713c0093yzl9foqu606h', 'SAP PORTAL');
INSERT INTO public.incident_types VALUES ('cmdpp713c0094yzl9l5gswfts', 'SAP-CHANGE MGMT(TR)');
INSERT INTO public.incident_types VALUES ('cmdpp713c0095yzl9s3x1fscs', 'SAP-ROLE MGMT');
INSERT INTO public.incident_types VALUES ('cmdpp713c0096yzl90isuks3x', 'SAP-USER ACCESS MGMT');
INSERT INTO public.incident_types VALUES ('cmdpp713c0097yzl9gex90bv0', 'SBI PAYMENT GATEWAY');
INSERT INTO public.incident_types VALUES ('cmdpp713c0098yzl9woxa27tj', 'SECURITY');
INSERT INTO public.incident_types VALUES ('cmdpp713c0099yzl9vjneemo4', 'SRM PORTAL');
INSERT INTO public.incident_types VALUES ('cmdpp713c009ayzl928yuu7sv', 'VC SUPPORT');
INSERT INTO public.incident_types VALUES ('cmdpp713c009byzl9dhd5qt7w', 'VPN');
INSERT INTO public.incident_types VALUES ('cmdpp713c009cyzl95ig3m3ek', 'WEB APPLICATION DEVELOPMENT');
INSERT INTO public.incident_types VALUES ('cmdpp713c009dyzl9wmyu174e', 'WEBMAIL');
INSERT INTO public.incident_types VALUES ('cmdpp713c009eyzl9uqs8s57j', 'WINDOWS ACTIVATION');
INSERT INTO public.incident_types VALUES ('cmdpp713c009fyzl9tva9blff', 'WINDOWS MAIL');


--
-- Data for Name: users; Type: TABLE DATA; Schema: public; Owner: prisma_migration
--

INSERT INTO public.users VALUES ('cmdpp71ij009hyzl9u0ie0r63', 'admin', 'ARUN KUMAR GORAI', '$2b$10$Z2nEMR57NDw3EA.UbOKdRe3ZYboyPlwt/UOiAfFEVj3rT0yY.65GO', '305819', 'NOT AVAILABLE', 'NOT AVAILABLE', 'NOT AVAILABLE', 'D106134', 'cmdpp70u9000nyzl97mpqpfrb');
INSERT INTO public.users VALUES ('cmdpp723c009jyzl9ww9mrzvo', 'admin', 'ANUP KUMAR SARKAR', '$2b$10$9gPfQJicELBiCLQ7Nqm48..uVDSrp6GOiFUh8UowsBWT5oqzNsaWW', '335426', 'NOT AVAILABLE', 'NOT AVAILABLE', 'NOT AVAILABLE', 'D112333', 'cmdpp70u9000nyzl97mpqpfrb');
INSERT INTO public.users VALUES ('cmdpp72i7009lyzl9bvk7gpnp', 'admin', 'BIPLAB SIKDAR', '$2b$10$MlHJeZI2wGJKquoP37.BPO.Y6DiJDfDo2ZSDJKuhNTviP29uPf5LO', '340090', 'NOT AVAILABLE', 'NOT AVAILABLE', 'NOT AVAILABLE', 'D106103', 'cmdpp70u9000nyzl97mpqpfrb');
INSERT INTO public.users VALUES ('cmdpp72x3009nyzl9fhyd18xt', 'admin', 'BIPLAB SEN', '$2b$10$5wN8k5M318BdCOKhV2.Y9OgWs6GmEUVjzrkfTi2lN61PDq7gzUKuq', '341894', 'NOT AVAILABLE', 'NOT AVAILABLE', 'NOT AVAILABLE', 'D109151', 'cmdpp70u9000nyzl97mpqpfrb');
INSERT INTO public.users VALUES ('cmdpp73bu009pyzl9p03xjqyk', 'admin', 'PIJUSH KANTI DAS', '$2b$10$XdjrRfTP/PDwcfT.r1cvg./Vh4FF8M0vEbpz9HUqOZSsTSxzH5EGq', '342168', 'NOT AVAILABLE', 'NOT AVAILABLE', 'NOT AVAILABLE', 'D110823', 'cmdpp70u9000nyzl97mpqpfrb');
INSERT INTO public.users VALUES ('cmdpp745n009tyzl9qs4uorn8', 'admin', 'DILIP KUMAR DHIBAR', '$2b$10$Bq31P/fWCfy71ajWBpciouUuZF5z/WvDsdWNc9D1WVI51Uu4iIri2', '342638', 'NOT AVAILABLE', 'NOT AVAILABLE', 'NOT AVAILABLE', 'D110639', 'cmdpp70u9000nyzl97mpqpfrb');
INSERT INTO public.users VALUES ('cmdpp74kk009vyzl9sntpcz2y', 'sys_admin', 'TANMAY CHATTERJEE', '$2b$10$swS/BSKkVt7.HnjZLhCw/udkSspHJMosIkIAIotOZ51Wd7R3Ph8Uu', '442223', '9434793266', NULL, 'tanmay.chatterjee@sail.in', NULL, 'cmdpp70u9000myzl9pm0m5u3r');
INSERT INTO public.users VALUES ('cmdpp751g009xyzl9hhvhpy0r', 'sys_admin', 'ARGHYA PODDER', '$2b$10$ROQPX2dShCZV4sVlQInTj.uIrJsJ0xbFmsuv77Q4tvi2dUa94zo4K', '442603', '9434793265', NULL, 'arghya.p@sail.in', NULL, 'cmdpp70u9000myzl9pm0m5u3r');
INSERT INTO public.users VALUES ('cmdpp75g8009zyzl9dq8d3q83', 'sys_admin', 'JYOTISH SAIKIA', '$2b$10$yoKvPrW5PqVJDdXH2wxnAO4Pj7j4wtd0EMWXYJzVNhqSs6zG96SvS', '490075', '9434793042', NULL, 'jyotishsaikia@sail.in', 'D002200', 'cmdpp70u9000myzl9pm0m5u3r');
INSERT INTO public.users VALUES ('cmdpp75v700a1yzl90i1ljner', 'sys_admin', 'ALOPI BANERJEE', '$2b$10$GZp7mRMupH4uSHytanLlvuzkBZXUI4fQT/7HeDmPlWXhz7Qs4.GwC', '497922', '9434792583', 'alopi@saildsp.co.in', 'alopi@sail.in', 'D000807', 'cmdpp70u9000myzl9pm0m5u3r');
INSERT INTO public.users VALUES ('cmdpp76a100a3yzl9vvqncyj3', 'sys_admin', 'MOHD ANWAR ULLAH', '$2b$10$YtGA.K5l9DeK5U5yngNK9ebjyh.ML5Ro3/hXcL/AihdrWdD9zNSw6', '498301', '9434792584', 'anwar@saildsp.co.in', 'anwar@sail.in', 'D000896', 'cmdpp70u9000myzl9pm0m5u3r');
INSERT INTO public.users VALUES ('cmdpp76os00a5yzl9c6dg8fof', 'sys_admin', 'MANAS RANJAN JENA', '$2b$10$znQtMSuTbEJP9qCyV.jcxOb65VBqqYkwfi9gMEwAra/jx9.hNwLwy', '498477', '9434792588', 'mrjena@saildsp.co.in', 'mrjena@sail.in', 'D001015', 'cmdpp70u9000myzl9pm0m5u3r');
INSERT INTO public.users VALUES ('cmdpp773o00a7yzl9tvfkgr5b', 'sys_admin', 'RAMDARAS SINGH KUSHWAHA', '$2b$10$lvs3nQTk0HN/F0C9Mn95DuFW6RvJ8wsB.JhzbRUaMgRxyN3cMCzHe', '498554', '9434792587', 'rdsk@saildsp.co.in', 'rdsk@sail.in', 'D001008', 'cmdpp70u9000myzl9pm0m5u3r');
INSERT INTO public.users VALUES ('cmdpp77if00a9yzl9zwsw57jm', 'sys_admin', 'RANA SAHA', '$2b$10$Nb4/PNK1nw5b6Ga.ThmWYutw5sK70OjQmLKSUWRxyL4uNPfNZErVe', '498560', '9434792591', 'rana_saha@saildsp.co.in', 'rana.saha@sail.in', 'D001079', 'cmdpp70u9000myzl9pm0m5u3r');
INSERT INTO public.users VALUES ('cmdpp77x800abyzl9nc6gn74e', 'sys_admin', 'ARINDAM PAUL', '$2b$10$IbmjAdwrHfQREEz7/S0HJ.GPihBf1VKtxoICMV2qim64989qwxQvC', '498823', '9434792592', 'arindam@saildsp.co.in', 'arindam@sail.in', 'D001176', 'cmdpp70u9000myzl9pm0m5u3r');
INSERT INTO public.users VALUES ('cmdpp78wx00afyzl94gwob0cz', 'sys_admin', 'SHYAMA PRASAD CHAKRABORTY', '$2b$10$smxUUltRJzvIk0.8qaa2COYVgCilXQ3aucXB/NPI0xKANS9RjXjA2', '498881', '9434792595', 'shyama@saildsp.co.in', 'shyama@sail.in', 'D001226', 'cmdpp70u9000myzl9pm0m5u3r');
INSERT INTO public.users VALUES ('cmdpp79bq00ahyzl984ocu825', 'sys_admin', 'DEBAPRIYA DATTA', '$2b$10$7PW/5w/mq/zydlcyf5u/fOGky1H6eqH3uHu7LPAxDiSnO.q/qHd/6', '499119', '9434792650', 'debapriya@saildsp.co.in', 'debapriya@sail.in', 'D001612', 'cmdpp70u9000myzl9pm0m5u3r');
INSERT INTO public.users VALUES ('cmdpp79qb00ajyzl9wxf4llbw', 'sys_admin', 'MANISH KUMAR', '$2b$10$rBYsJNl9/bNcmbu2zMXU9eLfJp9kusYAQDSFxBLPwfLamNefyREBK', '499312', '9434792369', 'manish1028@saildsp.co.in', 'manish1028@sail.in', 'D001783', 'cmdpp70u9000myzl9pm0m5u3r');
INSERT INTO public.users VALUES ('cmdpp7a5400alyzl9zh5b9pcb', 'sys_admin', 'SUDHIR KUMAR LAKRA', '$2b$10$M0ZcU2X9wkbJoLUxJYmH5OoWg8YEWUYgFEkkjZHthpFsnnteX5FRG', '499313', '9434792360', 'sklakra@saildsp.co.in', 'sklakra@sail.in', 'D001784', 'cmdpp70u9000myzl9pm0m5u3r');
INSERT INTO public.users VALUES ('cmdpp7aju00anyzl9leztwmxs', 'sys_admin', 'AVINASH KUMAR', '$2b$10$JYfLODMI.63e.PEyrhD0bOOqW5FjCOOoMgWl9BtSKvWdW2WAq1Ope', '499385', '9434792213', 'avinash@saildsp.co.in', 'avinash.dsp@sail.in', 'D001837', 'cmdpp70u9000myzl9pm0m5u3r');
INSERT INTO public.users VALUES ('cmdpp7ayj00apyzl9j6d2reyx', 'sys_admin', 'DEBAJYOTI MANDAL', '$2b$10$bafpX6Z0UQ.gonf0YYIgROF6PySIo6dbUBBe3RL.cgIpTSrYXCs46', '499446', '9434792782', 'debajyoti_mandal@saildsp.co.in', 'debajyoti.mandal@sail.in', 'D001880', 'cmdpp70u9000myzl9pm0m5u3r');
INSERT INTO public.users VALUES ('cmdpp7bd800aryzl9j18wqwvd', 'sys_admin', 'ABHISHEK CHAKRABORTY', '$2b$10$TSkFsa6Y5cE5n7yDbzkys.Q7X.hbyS5ajdha1r5/xcsPT88cw01lS', '499529', '9434792409', 'achakraborty@saildsp.co.in', 'achakraborty@sail.in', 'D001912', 'cmdpp70u9000myzl9pm0m5u3r');
INSERT INTO public.users VALUES ('cmdpp7brv00atyzl9jgm7csuk', 'sys_admin', 'NABARUN GHOSH', '$2b$10$td9DPLsDxLfeF4YmQnBVaOd/D1WxnorEgoEnVJhtI9asCsuJVX3Q6', '499570', '9434792423', 'nabarun.ghosh@saildsp.co.in', 'nabarun.ghosh@sail.in', 'D001926', 'cmdpp70u9000myzl9pm0m5u3r');
INSERT INTO public.users VALUES ('cmdpp78i900adyzl9990m7giy', 'sys_admin', 'RAKESH OJHA', '$2b$10$eEPoDK8zyVm2N9PISWBIB.jsWC42TZ1iyOcomYLk5L6s5Ezogo2R6', '498880', '9434792593', 'rakesh.ojha@saildsp.co.in', 'rakesh.ojha@sail.in', 'D001212', 'cmdpp70u9000myzl9pm0m5u3r');
INSERT INTO public.users VALUES ('cmdpp73qn009ryzl95dikiq26', 'admin', 'GOUTAM DEBNATH', '$2b$10$tBY4WDwOPpVe.I./nHgu6eTyxQRnAn8kDtEx51X3FyKOOIsqOtKVa', '342461', 'NOT AVAILABLE', 'NOT AVAILABLE', 'NOT AVAILABLE', 'D111086', 'cmdpp70u9000nyzl97mpqpfrb');
INSERT INTO public.users VALUES ('cme357zd90001yzkslz1pemin', 'standard', 'Standard User', '$2b$10$0PUtUzpPi7u2iOyMw5wXBuA5bouxSN8ydl149l3OuU/7y9piGvOPS', '111111', NULL, NULL, NULL, NULL, 'cme313zi00000yzksyg2hozdn');
INSERT INTO public.users VALUES ('cme4aoxqu0008yz74xo4fcuks', 'standard', 'Standard User', '', 'cme357zd90001yzkslz1pemin', NULL, NULL, NULL, NULL, 'cme313zi00000yzksyg2hozdn');


--
-- Data for Name: incidents; Type: TABLE DATA; Schema: public; Owner: prisma_migration
--

INSERT INTO public.incidents VALUES ('20250719121433-3452', '2025-07-19 06:44:00', 'ilink', 'ilink to install in 3 PC.', 'High', 'Processed', 'ccp', '103.102.122.101', 'GOUTAM DEBNATH', '2025-07-19 06:44:00', NULL, NULL, 'cmdpp713c008dyzl9n7ivyu3w', 'cmdpp73qn009ryzl95dikiq26');
INSERT INTO public.incidents VALUES ('20250719121240-DBEF', '2025-07-19 06:42:00', 'PC', 'PC not booting.', 'Medium', 'Closed', 'BOF', '103.102.122.101', 'GOUTAM DEBNATH', '2025-07-19 06:42:00', NULL, NULL, 'cmdpp713c008lyzl9w8y8tkku', 'cmdpp73qn009ryzl95dikiq26');
INSERT INTO public.incidents VALUES ('20250719121107-BEF1', '2025-07-19 06:41:00', 'network', 'No network in three PC.', 'Medium', 'Processed', ' office', '103.102.122.101', 'GOUTAM DEBNATH', '2025-07-19 06:41:00', NULL, NULL, 'cmdpp713c008hyzl92hb91fff', 'cmdpp73qn009ryzl95dikiq26');
INSERT INTO public.incidents VALUES ('20250719120805-6545', '2025-07-19 06:38:00', 'A/C', 'In node room all the a/c are down. Pls take immediate steps.', 'Low', 'Processed', 'DRC', '103.102.122.101', 'GOUTAM DEBNATH', '2025-07-19 06:38:00', NULL, true, 'cmdpp713c008eyzl9erx6sitj', 'cmdpp73qn009ryzl95dikiq26');
INSERT INTO public.incidents VALUES ('20250719120223-61B9', '2025-07-19 06:32:00', 'ess', 'Ess password to reset. T No - 342461', 'Medium', 'Resolved', ' office', '103.102.122.7', 'GOUTAM DEBNATH', '2025-07-19 06:32:00', true, NULL, 'cmdpp713c0092yzl9zncy6wx0', 'cmdpp73qn009ryzl95dikiq26');
INSERT INTO public.incidents VALUES ('20250716183245-59D5', '2025-07-15 18:32:00', 'pay', 'Night shift allowance not received for last month.', 'Medium', 'New', ' office', '152.58.138.20', 'MOHD ANWAR ULLAH', '2025-07-16 18:32:00', NULL, NULL, 'cmdpp713c008kyzl9le9kun56', 'cmdpp76a100a3yzl9vvqncyj3');
INSERT INTO public.incidents VALUES ('20250716150856-D175', '2025-07-16 15:08:00', 'internet', 'Internet is not available.', 'Medium', 'New', ' office', '152.58.139.129', 'GOUTAM DEBNATH', '2025-07-16 15:08:00', NULL, NULL, 'cmdpp713c008fyzl9pncfsn29', 'cmdpp73qn009ryzl95dikiq26');
INSERT INTO public.incidents VALUES ('20250716120504-2E57', '2025-07-16 12:05:00', 'pay', 'Did not get night shift allowance last month.', 'Medium', 'New', ' office', '103.102.122.31', 'MOHD ANWAR ULLAH', '2025-07-16 12:05:00', NULL, NULL, 'cmdpp713c008kyzl9le9kun56', 'cmdpp76a100a3yzl9vvqncyj3');
INSERT INTO public.incidents VALUES ('20250716172445-0284', '2025-07-16 11:54:00', 'mail', 'password to change for sail.in account.', 'Medium', 'New', ' office', '127.0.0.1', 'GOUTAM DEBNATH', '2025-07-16 11:54:00', NULL, NULL, 'cmdpp713c008pyzl958hw6tz5', 'cmdpp73qn009ryzl95dikiq26');
INSERT INTO public.incidents VALUES ('20250716172145-3BC6', '2025-07-16 11:51:00', 'pc', 'PC is not booting.', 'Medium', 'New', ' office', '127.0.0.1', 'GOUTAM DEBNATH', '2025-07-16 11:51:00', NULL, NULL, 'cmdpp713c008lyzl9w8y8tkku', 'cmdpp73qn009ryzl95dikiq26');
INSERT INTO public.incidents VALUES ('20250716172012-4A13', '2025-07-16 11:50:00', 'internet', 'Internet is not available.', 'Medium', 'New', ' office', '127.0.0.1', 'GOUTAM DEBNATH', '2025-07-16 11:50:00', NULL, NULL, 'cmdpp713c008fyzl9pncfsn29', 'cmdpp73qn009ryzl95dikiq26');
INSERT INTO public.incidents VALUES ('20250716114525-CFB8', '2025-07-16 11:45:00', 'network', 'No network.', 'Medium', 'New', ' office', '103.102.122.26', 'MOHD ANWAR ULLAH', '2025-07-16 11:45:00', NULL, NULL, 'cmdpp713c008hyzl92hb91fff', 'cmdpp76a100a3yzl9vvqncyj3');
INSERT INTO public.incidents VALUES ('20250716114253-A76B', '2025-07-16 11:42:00', 'ilink', 'ilink to install.', 'Medium', 'New', ' office', '103.102.122.26', 'GOUTAM DEBNATH', '2025-07-16 11:42:00', NULL, NULL, 'cmdpp713c008dyzl9n7ivyu3w', 'cmdpp73qn009ryzl95dikiq26');
INSERT INTO public.incidents VALUES ('20250716113607-C8CB', '2025-07-16 11:36:00', 'ess', 'ESS password to reset.', 'Medium', 'New', ' office', '103.102.122.26', 'MOHD ANWAR ULLAH', '2025-07-16 11:36:00', NULL, NULL, 'cmdpp713c008cyzl9aqf3s973', 'cmdpp76a100a3yzl9vvqncyj3');
INSERT INTO public.incidents VALUES ('20250716165430-D109', '2025-07-16 11:24:00', 'Biometric', 'Biometric m/c is not working.', 'Medium', 'New', ' office', '127.0.0.1', 'GOUTAM DEBNATH', '2025-07-16 11:24:00', NULL, NULL, 'cmdpp713c0089yzl9sdq5doq8', 'cmdpp73qn009ryzl95dikiq26');
INSERT INTO public.incidents VALUES ('20250716072620-37D6', '2025-07-16 07:26:00', 'SAP GUI', 'SAP GUI to install in my PC.', 'Medium', 'New', ' office', '103.102.122.74', 'GOUTAM DEBNATH', '2025-07-16 07:26:00', NULL, NULL, 'cmdpp713c0091yzl9lcq41hzq', 'cmdpp73qn009ryzl95dikiq26');
INSERT INTO public.incidents VALUES ('20250716072134-6723', '2025-07-16 07:21:00', 'SAP', 'Assign role.', 'Medium', 'New', ' office', '103.102.122.74', 'MOHD ANWAR ULLAH', '2025-07-16 07:21:00', NULL, NULL, 'cmdpp713c0095yzl9s3x1fscs', 'cmdpp76a100a3yzl9vvqncyj3');
INSERT INTO public.incidents VALUES ('20250716124202-6845', '2025-07-16 07:12:00', 'SAP', 'SAP not available.', 'Medium', 'Processed', ' office', '127.0.0.1', 'GOUTAM DEBNATH', '2025-07-16 07:12:00', NULL, NULL, 'cmdpp713c008qyzl9z2finj9f', 'cmdpp73qn009ryzl95dikiq26');
INSERT INTO public.incidents VALUES ('20250715030825-DE23', '2025-07-14 21:38:00', 'printer', 'Printr not working.', 'Medium', 'New', 'office', '127.0.0.1', 'MOHD ANWAR ULLAH', '2025-07-15 21:38:00', NULL, NULL, 'cmdpp713c008nyzl9jqk4mkqn', 'cmdpp76a100a3yzl9vvqncyj3');
INSERT INTO public.incidents VALUES ('20250715213536-475D', '2025-07-14 21:35:00', 'cctv', 'cctv not working.', 'Medium', 'New', 'office', '152.58.162.6', 'MOHD ANWAR ULLAH', '2025-07-15 21:35:00', NULL, NULL, 'cmdpp713c008ayzl9qksg7d2u', 'cmdpp76a100a3yzl9vvqncyj3');
INSERT INTO public.incidents VALUES ('20250715212011-03ED', '2025-07-14 21:20:00', 'biometric', 'M/C not working.', 'Medium', 'New', 'office', '152.58.162.6', 'MOHD ANWAR ULLAH', '2025-07-15 21:20:00', NULL, NULL, 'cmdpp713c0089yzl9sdq5doq8', 'cmdpp76a100a3yzl9vvqncyj3');
INSERT INTO public.incidents VALUES ('20250715211514-202E', '2025-07-14 21:15:00', 'internet', 'Internet is not working.', 'Medium', 'New', 'office', '152.58.162.6', 'MOHD ANWAR ULLAH', '2025-07-15 21:15:00', NULL, NULL, 'cmdpp713c008fyzl9pncfsn29', 'cmdpp76a100a3yzl9vvqncyj3');
INSERT INTO public.incidents VALUES ('20250715210345-BDBE', '2025-07-14 21:03:00', 'pc not booting', 'PC not booting.', 'Medium', 'New', 'office', '152.58.162.6', 'MOHD ANWAR ULLAH', '2025-07-15 21:03:00', NULL, NULL, 'cmdpp713c008lyzl9w8y8tkku', 'cmdpp76a100a3yzl9vvqncyj3');
INSERT INTO public.incidents VALUES ('20250715210041-AC02', '2025-07-14 21:00:00', 'process', 'Process control is down.', 'Medium', 'New', 'office', '152.58.162.6', 'MOHD ANWAR ULLAH', '2025-07-15 21:00:00', NULL, NULL, 'cmdpp713c008oyzl94myi3b8w', 'cmdpp76a100a3yzl9vvqncyj3');
INSERT INTO public.incidents VALUES ('20250715205718-2FA1', '2025-07-14 20:57:00', 'password', 'SAP password to reset.', 'Medium', 'New', 'office', '152.58.162.6', 'MOHD ANWAR ULLAH', '2025-07-15 20:57:00', NULL, NULL, 'cmdpp713c0092yzl9zncy6wx0', 'cmdpp76a100a3yzl9vvqncyj3');
INSERT INTO public.incidents VALUES ('20250715204945-7B1C', '2025-07-14 20:49:00', 'srm', 'SRM portal not working.', 'Medium', 'New', 'office', '152.58.162.6', 'GOUTAM DEBNATH', '2025-07-15 20:49:00', NULL, NULL, 'cmdpp713c0099yzl9vjneemo4', 'cmdpp73qn009ryzl95dikiq26');
INSERT INTO public.incidents VALUES ('20250715020006-EA58', '2025-07-13 20:30:00', 'Antivirus', 'Antivirus to install.', 'Medium', 'New', 'office', '127.0.0.1', 'GOUTAM DEBNATH', '2025-07-14 20:30:00', NULL, NULL, 'cmdpp713c0098yzl9woxa27tj', 'cmdpp73qn009ryzl95dikiq26');
INSERT INTO public.incidents VALUES ('20250715011622-2629', '2025-07-13 19:46:00', 'ilink', 'Ilink to install in 3 PCs.', 'Medium', 'New', 'C & IT', '127.0.0.1', 'GOUTAM DEBNATH', '2025-07-14 19:46:00', NULL, NULL, 'cmdpp713c008dyzl9n7ivyu3w', 'cmdpp73qn009ryzl95dikiq26');
INSERT INTO public.incidents VALUES ('20250715193412-244A', '2025-07-14 19:34:00', 'Network issue', 'No network in 3 PCs.', 'Medium', 'New', 'office', '152.58.162.6', 'GOUTAM DEBNATH', '2025-07-15 19:34:00', NULL, NULL, 'cmdpp713c008hyzl92hb91fff', 'cmdpp73qn009ryzl95dikiq26');
INSERT INTO public.incidents VALUES ('20250715183615-1A4F', '2025-07-14 18:36:00', 'email', 'sail.in password to reset.', 'Medium', 'New', 'office', '152.58.162.6', 'MOHD ANWAR ULLAH', '2025-07-15 18:36:00', NULL, NULL, 'cmdpp713c008pyzl958hw6tz5', 'cmdpp76a100a3yzl9vvqncyj3');
INSERT INTO public.incidents VALUES ('20250715182751-1ED5', '2025-07-15 12:57:00', 'printer', 'One line printer is not opening.', 'Low', 'Resolved', 'office', '127.0.0.1', 'MOHD ANWAR ULLAH', '2025-07-15 12:57:00', NULL, true, 'cmdpp713c008nyzl9jqk4mkqn', 'cmdpp76a100a3yzl9vvqncyj3');
INSERT INTO public.incidents VALUES ('20250715040500-6A1F', '2025-07-13 22:35:00', 'NETWOR ISSUE', 'Internet connection not available', 'Medium', 'New', 'BF#3', '122.252.249.194', 'RANA SAHA', '2025-07-14 22:35:00', NULL, NULL, 'cmdpp713c008fyzl9pncfsn29', 'cmdpp77if00a9yzl9zwsw57jm');
INSERT INTO public.incidents VALUES ('20250715034226-8F17', '2025-07-13 22:12:00', 'payroll', 'did not get night shift allowance last month.', 'Medium', 'New', 'office', '127.0.0.1', 'MOHD ANWAR ULLAH', '2025-07-14 22:12:00', NULL, NULL, 'cmdpp713c008kyzl9le9kun56', 'cmdpp76a100a3yzl9vvqncyj3');
INSERT INTO public.incidents VALUES ('20250715011713-B60F', '2025-07-13 19:47:00', 'software installation', 'SAP GUI, ilink to install and the internet settings to configure.', 'Medium', 'New', 'office', '127.0.0.1', 'MOHD ANWAR ULLAH', '2025-07-14 19:47:00', NULL, NULL, 'cmdpp713c008iyzl949rqb4p5', 'cmdpp76a100a3yzl9vvqncyj3');
INSERT INTO public.incidents VALUES ('20250715003455-DDE6', '2025-07-13 19:04:00', 'internet', 'Internet not available.', 'Medium', 'New', 'office', '127.0.0.1', 'MOHD ANWAR ULLAH', '2025-07-14 19:04:00', NULL, NULL, 'cmdpp713c008fyzl9pncfsn29', 'cmdpp76a100a3yzl9vvqncyj3');
INSERT INTO public.incidents VALUES ('20250715200419-DE04', '2025-07-14 20:04:00', 'ess', 'Ess password to reset.', 'Medium', 'Processed', 'office', '152.58.162.6', 'GOUTAM DEBNATH', '2025-07-15 20:04:00', NULL, NULL, 'cmdpp713c008cyzl9aqf3s973', 'cmdpp73qn009ryzl95dikiq26');
INSERT INTO public.incidents VALUES ('20250714183000-D5F9', '2025-07-14 13:00:00', 'dsp.com', 'dsp.com is not opening.', 'Medium', 'New', 'office', '103.102.122.5', 'MOHD ANWAR ULLAH', '2025-07-14 13:00:00', NULL, NULL, 'cmdpp713c008byzl92bqiux91', 'cmdpp76a100a3yzl9vvqncyj3');
INSERT INTO public.incidents VALUES ('20250714180600-60AB', '2025-07-14 12:36:00', 'AC not working', 'All ACs are down from last night.', 'Medium', 'New', 'office', '103.102.122.5', 'MOHD ANWAR ULLAH', '2025-07-14 12:36:00', NULL, NULL, 'cmdpp713c008eyzl9erx6sitj', 'cmdpp76a100a3yzl9vvqncyj3');
INSERT INTO public.incidents VALUES ('20250714081800-51C3', '2025-07-14 02:48:00', 'Network issue at finance departme nt', 'Network issue', 'Medium', 'Closed', 'uiti', '122.252.249.194', 'RAKESH OJHA', '2025-07-14 02:48:00', NULL, NULL, 'cmdpp713c008fyzl9pncfsn29', 'cmdpp78i900adyzl9990m7giy');
INSERT INTO public.incidents VALUES ('20250714080800-1881', '2025-07-14 02:38:00', 'ILINK NOT WORKING', 'Please rectify Ilink issue at room no 412 at ispat bhavan Finance Deptt.', 'Medium', 'Resolved', '4TH FLOOR ROOM NO 412', '122.252.249.194', 'MOHD ANWAR ULLAH', '2025-07-14 02:38:00', NULL, NULL, 'cmdpp713c008dyzl9n7ivyu3w', 'cmdpp76a100a3yzl9vvqncyj3');
INSERT INTO public.incidents VALUES ('20250714075900-6400', '2025-07-14 02:29:00', 'NETWORK ISSUE', 'NETWORK NOT AVAILABLE AT 7TH FLOOR CET OFFICE', 'High', 'Resolved', 'CET 7TH FLOOR', '122.252.249.194', 'MOHD ANWAR ULLAH', '2025-07-14 02:29:00', true, true, 'cmdpp713c008fyzl9pncfsn29', 'cmdpp76a100a3yzl9vvqncyj3');
INSERT INTO public.incidents VALUES ('20250714070700-12F8', '2025-07-14 01:37:00', 'internet', 'Internet is not opening.', 'Medium', 'New', 'office', '152.58.162.250', 'GOUTAM DEBNATH', '2025-07-14 01:37:00', NULL, NULL, 'cmdpp713c008fyzl9pncfsn29', 'cmdpp73qn009ryzl95dikiq26');
INSERT INTO public.incidents VALUES ('20250714121200-5A2B', '2025-07-14 06:42:00', 'internet', 'Internet is not available.', 'Medium', 'New', 'office', '127.0.0.1', 'MOHD ANWAR ULLAH', '2025-07-14 06:42:00', NULL, NULL, 'cmdpp713c008fyzl9pncfsn29', 'cmdpp76a100a3yzl9vvqncyj3');
INSERT INTO public.incidents VALUES ('20250713212400-E97E', '2025-07-13 15:54:00', 'Network issue', 'No network in 3 PCs.', 'Low', 'Closed', 'C & IT', '127.0.0.1', 'GOUTAM DEBNATH', '2025-07-13 15:54:00', true, true, 'cmdpp713c008lyzl9w8y8tkku', 'cmdpp73qn009ryzl95dikiq26');
INSERT INTO public.incidents VALUES ('20250713141000-AAEB', '2025-07-13 08:40:00', 'password', 'ESS password to reset.', 'High', 'Resolved', 'C & IT', '210.212.5.233', 'GOUTAM DEBNATH', '2025-07-13 08:40:00', true, true, 'cmdpp713c0092yzl9zncy6wx0', 'cmdpp73qn009ryzl95dikiq26');
INSERT INTO public.incidents VALUES ('20250713011600-41E7', '2025-07-11 19:46:00', 'AC not working', 'All AC are out of order.', 'Medium', 'Resolved', 'C & IT', '127.0.0.1', 'GOUTAM DEBNATH', '2025-07-12 19:46:00', NULL, NULL, 'cmdpp713c008eyzl9erx6sitj', 'cmdpp73qn009ryzl95dikiq26');
INSERT INTO public.incidents VALUES ('20250713004300-8320', '2025-07-11 19:13:00', 'pc', 'PC not booting.', 'Medium', 'Closed', 'C & IT', '127.0.0.1', 'GOUTAM DEBNATH', '2025-07-12 19:13:00', NULL, NULL, 'cmdpp713c008lyzl9w8y8tkku', 'cmdpp73qn009ryzl95dikiq26');
INSERT INTO public.incidents VALUES ('20250712195400-FF9E', '2025-07-12 14:24:00', 'password', 'Ess password to reset.', 'Medium', 'Resolved', 'office', '127.0.0.1', 'GOUTAM DEBNATH', '2025-07-12 14:24:00', NULL, NULL, 'cmdpp713c008cyzl9aqf3s973', 'cmdpp73qn009ryzl95dikiq26');
INSERT INTO public.incidents VALUES ('20250712185600-EEF1', '2025-07-12 13:26:00', 'Network issue', 'No network in 3 PCs.', 'Medium', 'Resolved', 'C & IT', '127.0.0.1', 'GOUTAM DEBNATH', '2025-07-12 13:26:00', NULL, NULL, 'cmdpp713c008hyzl92hb91fff', 'cmdpp73qn009ryzl95dikiq26');
INSERT INTO public.incidents VALUES ('20250712184700-AD0E', '2025-07-12 13:17:00', 'softwares', 'Desktop migrated, needs all the softwares to install.', 'High', 'Resolved', 'office', '127.0.0.1', 'GOUTAM DEBNATH', '2025-07-12 13:17:00', true, true, 'cmdpp713c0091yzl9lcq41hzq', 'cmdpp73qn009ryzl95dikiq26');
INSERT INTO public.incidents VALUES ('20250712125300-03D3', '2025-07-12 07:23:00', 'internet', 'Internet is not opening.', 'Medium', 'Resolved', 'C & IT', '127.0.0.1', 'GOUTAM DEBNATH', '2025-07-12 07:23:00', NULL, NULL, 'cmdpp713c008fyzl9pncfsn29', 'cmdpp73qn009ryzl95dikiq26');
INSERT INTO public.incidents VALUES ('20250712123000-5EA5', '2025-07-12 07:00:00', 'infra', 'ACs are not working.', 'Medium', 'Resolved', 'office', '127.0.0.1', 'GOUTAM DEBNATH', '2025-07-12 07:00:00', NULL, NULL, 'cmdpp713c008eyzl9erx6sitj', 'cmdpp73qn009ryzl95dikiq26');
INSERT INTO public.incidents VALUES ('20250712113000-A0F0', '2025-07-12 06:00:00', 'cctv', 'cctv not working.', 'High', 'Resolved', 'office', '127.0.0.1', 'GOUTAM DEBNATH', '2025-07-12 06:00:00', true, true, 'cmdpp713c008hyzl92hb91fff', 'cmdpp73qn009ryzl95dikiq26');
INSERT INTO public.incidents VALUES ('20250712105000-A4CB', '2025-07-12 05:20:00', 'Network issue', 'No network in 3 PCs.', 'Medium', 'New', 'office', '127.0.0.1', 'GOUTAM DEBNATH', '2025-07-12 05:20:00', NULL, NULL, 'cmdpp713c008hyzl92hb91fff', 'cmdpp73qn009ryzl95dikiq26');
INSERT INTO public.incidents VALUES ('20250712103800-3799', '2025-07-12 05:08:00', 'biometric m/c', 'biometric m/c is not working.', 'Medium', 'New', 'C & IT', '127.0.0.1', 'GOUTAM DEBNATH', '2025-07-12 05:08:00', NULL, NULL, 'cmdpp713c0089yzl9sdq5doq8', 'cmdpp73qn009ryzl95dikiq26');
INSERT INTO public.incidents VALUES ('20250712101100-1CB1', '2025-07-12 04:41:00', 'SAP GUI', 'SAP GUI to install in my PC.', 'Medium', 'Processed', 'office', '127.0.0.1', 'GOUTAM DEBNATH', '2025-07-12 04:41:00', NULL, NULL, 'cmdpp713c0092yzl9zncy6wx0', 'cmdpp73qn009ryzl95dikiq26');
INSERT INTO public.incidents VALUES ('20250712101800-207F', '2025-07-12 04:48:00', 'SAP GUI', 'SAP GUI to install in my PC.', 'Medium', 'Processed', 'office', '127.0.0.1', 'GOUTAM DEBNATH', '2025-07-12 04:48:00', NULL, NULL, 'cmdpp713c0091yzl9lcq41hzq', 'cmdpp73qn009ryzl95dikiq26');
INSERT INTO public.incidents VALUES ('20250802125001-3209', '2025-08-02 07:20:01.145', 'ess', 'ESS password to reset.', 'Medium', 'Processed', ' office', '127.0.0.1', 'GOUTAM DEBNATH', '2025-08-02 07:20:01.145', NULL, NULL, 'cmdpp713c008cyzl9aqf3s973', 'cmdpp73qn009ryzl95dikiq26');
INSERT INTO public.incidents VALUES ('20250801000532-5A1C', '2025-07-31 18:35:32.228', 'ilink', 'ilink to install.', 'Medium', 'Processed', ' office', '127.0.0.1', 'GOUTAM DEBNATH', '2025-08-01 18:35:32.228', NULL, NULL, 'cmdpp713c008dyzl9n7ivyu3w', 'cmdpp73qn009ryzl95dikiq26');
INSERT INTO public.incidents VALUES ('20250801232227-DCC8', '2025-08-01 17:52:27.042', 'internet', 'Internet is not available.', 'Medium', 'Processed', ' office', '127.0.0.1', 'GOUTAM DEBNATH', '2025-08-01 17:52:27.042', NULL, NULL, 'cmdpp713c008fyzl9pncfsn29', 'cmdpp73qn009ryzl95dikiq26');
INSERT INTO public.incidents VALUES ('20250719004830-7CB1', '2025-07-18 19:18:00', 'SRM', 'SRM portal is down.', 'Medium', 'Processed', 'C & IT', '152.58.139.29', 'RAKESH OJHA', '2025-07-19 19:18:00', NULL, NULL, 'cmdpp713c0099yzl9vjneemo4', 'cmdpp78i900adyzl9990m7giy');
INSERT INTO public.incidents VALUES ('20250712095000-BFC3', '2025-07-12 04:20:00', 'ilink', 'ilink to be installed in 3 PCs.', 'Medium', 'Processed', 'office', '::1', 'GOUTAM DEBNATH', '2025-07-12 04:20:00', NULL, NULL, 'cmdpp713c008dyzl9n7ivyu3w', 'cmdpp73qn009ryzl95dikiq26');
INSERT INTO public.incidents VALUES ('20250803203911-B12F', '2025-08-03 15:09:11.434', 'ac', 'AC out of order.', 'Medium', 'Processed', 'DRC', '127.0.0.1', 'GOUTAM DEBNATH', '2025-08-03 15:09:11.434', NULL, NULL, 'cmdpp713c008eyzl9erx6sitj', 'cmdpp73qn009ryzl95dikiq26');
INSERT INTO public.incidents VALUES ('20250803204102-3B85', '2025-08-03 15:11:02.102', 'network', 'No network in two PC.', 'Medium', 'New', ' office', '127.0.0.1', 'GOUTAM DEBNATH', '2025-08-03 15:11:02.102', NULL, NULL, 'cmdpp713c008hyzl92hb91fff', 'cmdpp73qn009ryzl95dikiq26');
INSERT INTO public.incidents VALUES ('20250808002321-AEA4', '2025-08-07 18:53:21.123', 'ess', 'ess password to reset.', 'Medium', 'Processed', 'office', '127.0.0.1', 'Standard User', '2025-08-08 18:53:21.123', NULL, NULL, 'cmdpp713c008cyzl9aqf3s973', 'cme357zd90001yzkslz1pemin');
INSERT INTO public.incidents VALUES ('20250714074400-BCDA', '2025-07-14 02:14:00', 'password', 'ESS password to reset.', 'Medium', 'Processed', 'office', '152.58.162.144', 'GOUTAM DEBNATH', '2025-07-14 02:14:00', true, NULL, 'cmdpp713c0092yzl9zncy6wx0', 'cmdpp73qn009ryzl95dikiq26');
INSERT INTO public.incidents VALUES ('20250809190445-7E9B', '2025-08-09 13:34:45.314', 'ess', 'ess password to reset.', 'Medium', 'Processed', 'office', '127.0.0.1', 'Standard User', '2025-08-09 13:34:45.314', NULL, NULL, 'cmdpp713c008cyzl9aqf3s973', 'cme4aoxqu0008yz74xo4fcuks');
INSERT INTO public.incidents VALUES ('20250809190306-A907', '2025-08-09 13:33:06.263', 'ess', 'ess password to reset.', 'Medium', 'Processed', 'office', '127.0.0.1', 'Standard User', '2025-08-09 13:33:06.263', NULL, NULL, 'cmdpp713c008cyzl9aqf3s973', 'cme4aoxqu0008yz74xo4fcuks');
INSERT INTO public.incidents VALUES ('20250809195804-F14C', '2025-08-09 14:28:04.924', 'ess', 'ess password to reset.', 'Medium', 'Processed', 'office', '127.0.0.1', 'Standard User', '2025-08-09 14:28:04.924', NULL, NULL, 'cmdpp713c008cyzl9aqf3s973', 'cme4aoxqu0008yz74xo4fcuks');


--
-- Data for Name: audit_entries; Type: TABLE DATA; Schema: public; Owner: prisma_migration
--

INSERT INTO public.audit_entries VALUES ('cmdppnyb10000yz2m5dh7xewq', '2025-07-19 06:44:00', 'GOUTAM DEBNATH', 'Action Taken', 'Call accepted.', NULL, false, NULL, '20250719121433-3452');
INSERT INTO public.audit_entries VALUES ('cmdppnyr10001yz2mnllz59iv', '2025-07-19 06:42:00', 'GOUTAM DEBNATH', 'Action Taken', 'Call accepted.', NULL, false, NULL, '20250719121240-DBEF');
INSERT INTO public.audit_entries VALUES ('cmdppnyr10002yz2m94bw5pp7', '2025-07-19 06:43:00', 'GOUTAM DEBNATH', '(Closed By GOUTAM DEBNATH)', 'Reason for closing: Out of Scope.
---
Pls contact with ETL for any hardware and OS related issue.', NULL, false, NULL, '20250719121240-DBEF');
INSERT INTO public.audit_entries VALUES ('cmdppnz770003yz2mh20dhp9z', '2025-07-19 06:41:00', 'GOUTAM DEBNATH', 'Action Taken', 'Call acepted.', NULL, false, NULL, '20250719121107-BEF1');
INSERT INTO public.audit_entries VALUES ('cmdppnzl60004yz2mdq707i1e', '2025-07-19 06:39:00', 'GOUTAM DEBNATH', 'Action Taken', 'Call accepted.', NULL, false, NULL, '20250719120805-6545');
INSERT INTO public.audit_entries VALUES ('cmdppnzl60005yz2mfhchgphp', '2025-07-19 06:39:00', 'GOUTAM DEBNATH', 'Action Taken', 'Informed the amc to attend as soon as possible.', NULL, false, NULL, '20250719120805-6545');
INSERT INTO public.audit_entries VALUES ('cmdppnzl60006yz2mzzp1hjza', '2025-07-19 06:39:00', 'GOUTAM DEBNATH', 'Priority Changed', 'Priority changed to "Low".
---
As per SLA.', NULL, false, NULL, '20250719120805-6545');
INSERT INTO public.audit_entries VALUES ('cmdppo0380007yz2m9igrzngr', '2025-07-19 06:33:00', 'GOUTAM DEBNATH', 'Action Taken', 'Call accepted.', NULL, false, NULL, '20250719120223-61B9');
INSERT INTO public.audit_entries VALUES ('cmdppo0380008yz2mopwx7evd', '2025-07-19 06:33:00', 'GOUTAM DEBNATH', 'Action Taken', 'Check the incident 5 minutes later for new password.', NULL, false, NULL, '20250719120223-61B9');
INSERT INTO public.audit_entries VALUES ('cmdppo0380009yz2m4y8jync7', '2025-07-19 06:34:00', 'GOUTAM DEBNATH', 'Action Taken', 'Process done.', NULL, false, NULL, '20250719120223-61B9');
INSERT INTO public.audit_entries VALUES ('cmdppo038000ayz2mfevz0xew', '2025-07-19 06:34:00', 'GOUTAM DEBNATH', 'Incident Type Changed', 'Incident Type changed to "SAP PASSWORD/AUTHENTICATION".
---
Also required to reset the sap password.', NULL, false, NULL, '20250719120223-61B9');
INSERT INTO public.audit_entries VALUES ('cmdppo038000byz2mlcsmlh5t', '2025-07-19 06:34:00', 'GOUTAM DEBNATH', 'Action Taken', 'It is urgent.', NULL, false, NULL, '20250719120223-61B9');
INSERT INTO public.audit_entries VALUES ('cmdppo039000cyz2mskjs4z59', '2025-07-19 06:35:00', 'GOUTAM DEBNATH', 'Action Taken', 'all are done.', NULL, false, NULL, '20250719120223-61B9');
INSERT INTO public.audit_entries VALUES ('cmdppo039000dyz2my72ooa4h', '2025-07-19 06:35:00', 'GOUTAM DEBNATH', '(Resolved By GOUTAM DEBNATH)', 'Problem solved.', 4, false, NULL, '20250719120223-61B9');
INSERT INTO public.audit_entries VALUES ('cmdppo4vv000eyz2mkb76ir8m', '2025-07-16 07:16:00', 'GOUTAM DEBNATH', 'Action Taken', 'Call accepted.', NULL, false, NULL, '20250716124202-6845');
INSERT INTO public.audit_entries VALUES ('cmdppo9m6000fyz2m601ydilm', '2025-07-15 12:59:00', 'MOHD ANWAR ULLAH', 'Action Taken', 'Call accepted.', NULL, false, NULL, '20250715182751-1ED5');
INSERT INTO public.audit_entries VALUES ('cmdppo9m6000gyz2mobxny0wh', '2025-07-15 12:59:00', 'MOHD ANWAR ULLAH', 'Priority Changed', 'Priority changed to "Low".
---
Informed to the amc.', NULL, false, NULL, '20250715182751-1ED5');
INSERT INTO public.audit_entries VALUES ('cmdppo9m6000hyz2mm8fsqgc0', '2025-07-15 13:00:00', 'MOHD ANWAR ULLAH', 'Action Taken', 'Engineer attended. Replaced printer head with new.', NULL, false, NULL, '20250715182751-1ED5');
INSERT INTO public.audit_entries VALUES ('cmdppo9m6000iyz2mm352b1th', '2025-07-15 13:01:00', 'MOHD ANWAR ULLAH', '(Resolved By MOHD ANWAR ULLAH)', 'Problem solved.', 5, false, NULL, '20250715182751-1ED5');
INSERT INTO public.audit_entries VALUES ('cmdppoc1k000jyz2m5c4h3m3t', '2025-07-14 08:20:00', 'RAKESH OJHA', 'Action Taken', 'issue marked to network group', NULL, false, NULL, '20250714081800-51C3');
INSERT INTO public.audit_entries VALUES ('cmdppoc1k000kyz2m1o93e148', '2025-07-14 08:21:00', 'RAKESH OJHA', '(Closed By RAKESH OJHA)', 'Reason for closing: Resolved by User.
---
closed incident ', NULL, false, NULL, '20250714081800-51C3');
INSERT INTO public.audit_entries VALUES ('cmdppocm1000lyz2me91wt0i0', '2025-07-14 08:13:00', 'GOUTAM DEBNATH', 'Action Taken', 'NETWORK GROUP INFORMED FOR ILINK RESTORATION CHANGED SECOND TIME', NULL, true, NULL, '20250714080800-1881');
INSERT INTO public.audit_entries VALUES ('cmdppocm1000myz2mmw877rbz', '2025-07-14 08:16:00', 'RAKESH OJHA', '(Resolved By RAKESH OJHA)', 'issue resolved', 4, false, NULL, '20250714080800-1881');
INSERT INTO public.audit_entries VALUES ('cmdppoczq000nyz2mtqbuo2rf', '2025-07-14 08:02:00', 'MOHD ANWAR ULLAH', 'Action Taken', 'ISSUE FORWARDED TO NETWORK GROUP CHANGE PRIORITY', NULL, true, NULL, '20250714075900-6400');
INSERT INTO public.audit_entries VALUES ('cmdppoczq000oyz2meuhr9cdv', '2025-07-14 08:03:00', 'MOHD ANWAR ULLAH', 'Priority Changed', 'Priority changed to "High".
---
SWITCH WORKING PROPERLY. TELECOM HAS TO CHECK LINE CONNECTIVITY PRIORITY CHANGED SECOND TIME', NULL, true, NULL, '20250714075900-6400');
INSERT INTO public.audit_entries VALUES ('cmdppoczq000pyz2mkzfaehge', '2025-07-14 08:04:00', 'MOHD ANWAR ULLAH', 'Incident Type Changed', 'Incident Type changed to "INTERNET".
---
INTERNET CONNECTION ISSUE REMAINS', NULL, false, NULL, '20250714075900-6400');
INSERT INTO public.audit_entries VALUES ('cmdppoczq000qyz2mqz33rkk5', '2025-07-14 08:07:00', 'MOHD ANWAR ULLAH', '(Resolved By MOHD ANWAR ULLAH)', 'RESOLVED INTERNET CONNECTION ISSUE', 5, false, NULL, '20250714075900-6400');
INSERT INTO public.audit_entries VALUES ('cmdppoel7000ryz2m0ykn26b7', '2025-07-13 16:08:00', 'GOUTAM DEBNATH', 'Action Taken', 'Call accepted.', NULL, false, NULL, '20250713212400-E97E');
INSERT INTO public.audit_entries VALUES ('cmdppoel7000syz2mpwwloeqo', '2025-07-13 16:08:00', 'GOUTAM DEBNATH', 'Incident Type Changed', 'Incident Type changed to "PC & PERIPHERALS".
---
PC related issue.', NULL, false, NULL, '20250713212400-E97E');
INSERT INTO public.audit_entries VALUES ('cmdppoel7000tyz2mvm9gm2ia', '2025-07-13 16:09:00', 'GOUTAM DEBNATH', 'Priority Changed', 'Priority changed to "Low".
---
Not in our scope.', NULL, false, NULL, '20250713212400-E97E');
INSERT INTO public.audit_entries VALUES ('cmdppoel7000uyz2mcf4q04pd', '2025-07-13 16:10:00', 'GOUTAM DEBNATH', '(Closed By GOUTAM DEBNATH)', 'Reason for closing: Out of Scope.
---
Pls contact with ETL.', NULL, false, NULL, '20250713212400-E97E');
INSERT INTO public.audit_entries VALUES ('cmdppoeyx000vyz2m33dlyzot', '2025-07-13 13:14:00', 'GOUTAM DEBNATH', 'Action Taken', 'Call accepted.', NULL, false, NULL, '20250713141000-AAEB');
INSERT INTO public.audit_entries VALUES ('cmdppoeyx000wyz2mccsn3jtg', '2025-07-13 13:14:00', 'GOUTAM DEBNATH', 'Action Taken', 'Requested user to provide the six digit ticket number.', NULL, false, NULL, '20250713141000-AAEB');
INSERT INTO public.audit_entries VALUES ('cmdppoeyx000xyz2m2bwfgk1c', '2025-07-13 13:15:00', 'GOUTAM DEBNATH', 'Incident Type Changed', 'Incident Type changed to "SAP PASSWORD/AUTHENTICATION".
---
SAP password to reset.', NULL, false, NULL, '20250713141000-AAEB');
INSERT INTO public.audit_entries VALUES ('cmdppoeyx000yyz2mntsxvi0e', '2025-07-13 13:15:00', 'GOUTAM DEBNATH', 'Priority Changed', 'Priority changed to "High".
---
urgent.', NULL, false, NULL, '20250713141000-AAEB');
INSERT INTO public.audit_entries VALUES ('cmdppoeyx000zyz2mcr4nuh0y', '2025-07-13 13:15:00', 'GOUTAM DEBNATH', 'Action Taken', 'Reset done.', NULL, false, NULL, '20250713141000-AAEB');
INSERT INTO public.audit_entries VALUES ('cmdppoeyx0010yz2mac2imnsr', '2025-07-13 13:16:00', 'GOUTAM DEBNATH', '(Resolved By GOUTAM DEBNATH)', 'problem solved.', 5, false, NULL, '20250713141000-AAEB');
INSERT INTO public.audit_entries VALUES ('cmdppoffb0011yz2mzsbmq2v8', '2025-07-12 19:46:00', 'GOUTAM DEBNATH', 'Action Taken', 'Call accepted.', NULL, false, NULL, '20250713011600-41E7');
INSERT INTO public.audit_entries VALUES ('cmdppoffb0012yz2my2z0f2nh', '2025-07-12 19:47:00', 'GOUTAM DEBNATH', 'Action Taken', 'contacted with amc person.', NULL, false, NULL, '20250713011600-41E7');
INSERT INTO public.audit_entries VALUES ('cmdppoffb0013yz2m9d9ltzif', '2025-07-12 19:47:00', 'GOUTAM DEBNATH', 'Action Taken', 'He informed that will visit today afternoon.', NULL, false, NULL, '20250713011600-41E7');
INSERT INTO public.audit_entries VALUES ('cmdppoffb0014yz2mz95u3wr8', '2025-07-12 19:48:00', 'GOUTAM DEBNATH', 'Action Taken', 'Mechanics attended and checked all.', NULL, false, NULL, '20250713011600-41E7');
INSERT INTO public.audit_entries VALUES ('cmdppoffb0015yz2m7obpngf3', '2025-07-12 19:48:00', 'GOUTAM DEBNATH', 'Action Taken', 'Two has compressor problem.', NULL, false, NULL, '20250713011600-41E7');
INSERT INTO public.audit_entries VALUES ('cmdppoffb0016yz2m5drqugt9', '2025-07-12 19:49:00', 'GOUTAM DEBNATH', 'Action Taken', 'Rest have been repaired.', NULL, false, NULL, '20250713011600-41E7');
INSERT INTO public.audit_entries VALUES ('cmdppoffb0017yz2mxqa9se4a', '2025-07-12 19:49:00', 'GOUTAM DEBNATH', 'Action Taken', 'That two will take time at most one week.', NULL, false, NULL, '20250713011600-41E7');
INSERT INTO public.audit_entries VALUES ('cmdppoffb0018yz2m70ua06ko', '2025-07-12 19:50:00', 'GOUTAM DEBNATH', '(Resolved By GOUTAM DEBNATH)', 'All are repaired.', 5, false, NULL, '20250713011600-41E7');
INSERT INTO public.audit_entries VALUES ('cmdppofv30019yz2mg67xsqri', '2025-07-12 19:13:00', 'GOUTAM DEBNATH', 'Action Taken', 'Call accepted.', NULL, false, NULL, '20250713004300-8320');
INSERT INTO public.audit_entries VALUES ('cmdppofv3001ayz2mmqn9whr8', '2025-07-12 19:14:00', 'GOUTAM DEBNATH', 'Action Taken', 'Contacted with user.', NULL, false, NULL, '20250713004300-8320');
INSERT INTO public.audit_entries VALUES ('cmdppofv3001byz2md8l539mj', '2025-07-12 19:14:00', 'GOUTAM DEBNATH', 'Action Taken', 'PC may have any hardware or OS related issue.', NULL, false, NULL, '20250713004300-8320');
INSERT INTO public.audit_entries VALUES ('cmdppofv3001cyz2mfy4axhpe', '2025-07-12 19:15:00', 'GOUTAM DEBNATH', '(Closed By GOUTAM DEBNATH)', 'Reason for closing: Out of Scope.
---
Pls contact with ETL dept.', NULL, false, NULL, '20250713004300-8320');
INSERT INTO public.audit_entries VALUES ('cmdppogay001dyz2mrlsn0guv', '2025-07-12 18:47:00', 'GOUTAM DEBNATH', 'Action Taken', 'Call accepted.', NULL, false, NULL, '20250712195400-FF9E');
INSERT INTO public.audit_entries VALUES ('cmdppogay001eyz2mrh43wc8c', '2025-07-12 18:47:00', 'GOUTAM DEBNATH', 'Action Taken', 'Password reset done.', NULL, false, NULL, '20250712195400-FF9E');
INSERT INTO public.audit_entries VALUES ('cmdppogay001fyz2m9g71dfrg', '2025-07-12 18:47:00', 'GOUTAM DEBNATH', '(Resolved By GOUTAM DEBNATH)', 'Solved.', 5, false, NULL, '20250712195400-FF9E');
INSERT INTO public.audit_entries VALUES ('cmdppogqw001gyz2mzekvbtjt', '2025-07-14 06:26:00', 'MOHD ANWAR ULLAH', 'Action Taken', 'Call accepted.', NULL, false, NULL, '20250712185600-EEF1');
INSERT INTO public.audit_entries VALUES ('cmdppogqw001hyz2mok37w52q', '2025-07-14 06:27:00', 'MOHD ANWAR ULLAH', 'Action Taken', 'Informed to DG Micropronix.', NULL, false, NULL, '20250712185600-EEF1');
INSERT INTO public.audit_entries VALUES ('cmdppogqw001iyz2m19ljp4uq', '2025-07-14 06:27:00', 'MOHD ANWAR ULLAH', 'Action Taken', 'Attended the job and rectified.', NULL, false, NULL, '20250712185600-EEF1');
INSERT INTO public.audit_entries VALUES ('cmdppogqw001jyz2mo1vxnox6', '2025-07-14 06:27:00', 'MOHD ANWAR ULLAH', 'Action Taken', 'urgent.', NULL, false, NULL, '20250712185600-EEF1');
INSERT INTO public.audit_entries VALUES ('cmdppogqw001kyz2mr4dla1jl', '2025-07-14 06:28:00', 'MOHD ANWAR ULLAH', '(Resolved By MOHD ANWAR ULLAH)', 'Problem solved.', 5, false, NULL, '20250712185600-EEF1');
INSERT INTO public.audit_entries VALUES ('cmdppoh6z001lyz2majzaa8s1', '2025-07-12 13:18:00', 'GOUTAM DEBNATH', 'Action Taken', 'Call accepted.', NULL, false, NULL, '20250712184700-AD0E');
INSERT INTO public.audit_entries VALUES ('cmdppoh6z001myz2mauzlday6', '2025-07-12 13:19:00', 'GOUTAM DEBNATH', 'Action Taken', 'Contacted with user and he informed that he is currently out of his office.', NULL, false, NULL, '20250712184700-AD0E');
INSERT INTO public.audit_entries VALUES ('cmdppoh6z001nyz2m1dmc3spk', '2025-07-12 13:19:00', 'GOUTAM DEBNATH', 'Incident Type Changed', 'Incident Type changed to "SAP GUI INSTALLATION".
---
SAP GUI to install.', NULL, false, NULL, '20250712184700-AD0E');
INSERT INTO public.audit_entries VALUES ('cmdppoh6z001oyz2mujgcxds9', '2025-07-12 13:19:00', 'GOUTAM DEBNATH', 'Action Taken', 'urgent', NULL, false, NULL, '20250712184700-AD0E');
INSERT INTO public.audit_entries VALUES ('cmdppoh6z001pyz2m1l1amm6o', '2025-07-12 13:19:00', 'GOUTAM DEBNATH', 'Action Taken', 'installation done.', NULL, false, NULL, '20250712184700-AD0E');
INSERT INTO public.audit_entries VALUES ('cmdppoh6z001qyz2motlqyyoi', '2025-07-12 13:20:00', 'GOUTAM DEBNATH', 'Priority Changed', 'Priority changed to "High".
---
urgent', NULL, false, NULL, '20250712184700-AD0E');
INSERT INTO public.audit_entries VALUES ('cmdppoh6z001ryz2mwv4vn8gi', '2025-07-12 13:24:00', 'GOUTAM DEBNATH', '(Resolved By GOUTAM DEBNATH)', 'user logged in successfully.', 5, false, NULL, '20250712184700-AD0E');
INSERT INTO public.audit_entries VALUES ('cmdppohkv001syz2mm29utn8t', '2025-07-12 07:23:00', 'GOUTAM DEBNATH', 'Action Taken', 'Call accepted.', NULL, false, NULL, '20250712125300-03D3');
INSERT INTO public.audit_entries VALUES ('cmdppohkv001tyz2mnljd1zkb', '2025-07-12 07:23:00', 'GOUTAM DEBNATH', 'Action Taken', 'Settings in browser has checked and rectified.', NULL, false, NULL, '20250712125300-03D3');
INSERT INTO public.audit_entries VALUES ('cmdppohkv001uyz2m8xsd540z', '2025-07-12 07:24:00', 'GOUTAM DEBNATH', 'Action Taken', 'Now Internet is opening.', NULL, false, NULL, '20250712125300-03D3');
INSERT INTO public.audit_entries VALUES ('cmdppohkv001vyz2mce9s49sg', '2025-07-12 07:24:00', 'GOUTAM DEBNATH', '(Resolved By GOUTAM DEBNATH)', 'Problem solved.', 5, false, NULL, '20250712125300-03D3');
INSERT INTO public.audit_entries VALUES ('cmdppohyu001wyz2m189wxnss', '2025-07-12 07:01:00', 'GOUTAM DEBNATH', 'Action Taken', 'Call accepted.', NULL, false, NULL, '20250712123000-5EA5');
INSERT INTO public.audit_entries VALUES ('cmdppohyu001xyz2mti0ergds', '2025-07-12 07:01:00', 'GOUTAM DEBNATH', 'Action Taken', 'Reported to the amc.', NULL, false, NULL, '20250712123000-5EA5');
INSERT INTO public.audit_entries VALUES ('cmdppohyu001yyz2mpc8n8t2t', '2025-07-12 07:02:00', 'GOUTAM DEBNATH', 'Action Taken', 'Compreesor issue, hence will take time.', NULL, false, NULL, '20250712123000-5EA5');
INSERT INTO public.audit_entries VALUES ('cmdppohyu001zyz2m5521gjn6', '2025-07-12 07:02:00', 'GOUTAM DEBNATH', 'Action Taken', 'Attended and rectified.', NULL, false, NULL, '20250712123000-5EA5');
INSERT INTO public.audit_entries VALUES ('cmdppohyu0020yz2mg5bh2e1x', '2025-07-12 07:02:00', 'GOUTAM DEBNATH', '(Resolved By GOUTAM DEBNATH)', 'Problem solved.', 5, false, NULL, '20250712123000-5EA5');
INSERT INTO public.audit_entries VALUES ('cmdppoicr0021yz2mzzrm2o4s', '2025-07-12 06:01:00', 'GOUTAM DEBNATH', 'Action Taken', 'Call accepted.', NULL, false, NULL, '20250712113000-A0F0');
INSERT INTO public.audit_entries VALUES ('cmdppoics0022yz2myauhy8cp', '2025-07-12 06:02:00', 'GOUTAM DEBNATH', 'Incident Type Changed', 'Incident Type changed to "NETWORK".
---
Network issue.', NULL, false, NULL, '20250712113000-A0F0');
INSERT INTO public.audit_entries VALUES ('cmdppoics0023yz2mbshryf43', '2025-07-12 06:02:00', 'GOUTAM DEBNATH', 'Priority Changed', 'Priority changed to "High".
---
urgent.', NULL, false, NULL, '20250712113000-A0F0');
INSERT INTO public.audit_entries VALUES ('cmdppoics0024yz2mm0wr2zvg', '2025-07-12 06:03:00', 'GOUTAM DEBNATH', 'Action Taken', 'Network team attended and solved the issue.', NULL, false, NULL, '20250712113000-A0F0');
INSERT INTO public.audit_entries VALUES ('cmdppoics0025yz2mcdxuztbm', '2025-07-12 06:03:00', 'GOUTAM DEBNATH', '(Resolved By GOUTAM DEBNATH)', 'Problem solved.', 5, false, NULL, '20250712113000-A0F0');
INSERT INTO public.audit_entries VALUES ('cmdppoiqj0026yz2mlqhneoi1', '2025-07-12 05:20:00', 'System', 'Incident Raised', 'Incident raised by GOUTAM DEBNATH.', NULL, false, NULL, '20250712105000-A4CB');
INSERT INTO public.audit_entries VALUES ('cmdppoj4c0027yz2m72cylda3', '2025-07-12 05:08:00', 'System', 'Incident Raised', 'Incident raised by GOUTAM DEBNATH.', NULL, false, NULL, '20250712103800-3799');
INSERT INTO public.audit_entries VALUES ('cmdppoji40028yz2mb6372ux0', '2025-07-12 04:48:00', 'System', 'Incident Raised', 'Incident raised by GOUTAM DEBNATH.', NULL, false, NULL, '20250712101800-207F');
INSERT INTO public.audit_entries VALUES ('cmdppojvy0029yz2myanx4gvi', '2025-07-12 04:41:00', 'System', 'Incident Raised', 'Incident raised by GOUTAM DEBNATH.', NULL, false, NULL, '20250712101100-1CB1');
INSERT INTO public.audit_entries VALUES ('cmdppok9p002ayz2m82z5xnn5', '2025-07-12 04:20:00', 'System', 'Incident Raised', 'Incident raised by GOUTAM DEBNATH.', NULL, false, NULL, '20250712095000-BFC3');
INSERT INTO public.audit_entries VALUES ('cmdvbkads0000yz4rah9pa164', '2025-08-03 06:47:34.286', 'GOUTAM DEBNATH', 'Action Taken', 'Call accepted.', NULL, false, NULL, '20250802125001-3209');
INSERT INTO public.audit_entries VALUES ('cmdvbl60j0001yz4r1fhras8v', '2025-08-03 06:48:15.281', 'GOUTAM DEBNATH', 'Action Taken', 'Call accepted.', NULL, false, NULL, '20250801000532-5A1C');
INSERT INTO public.audit_entries VALUES ('cmdvblon90002yz4r00vqdngm', '2025-08-03 06:48:39.426', 'GOUTAM DEBNATH', 'Action Taken', 'Call accepted.', NULL, false, NULL, '20250801232227-DCC8');
INSERT INTO public.audit_entries VALUES ('cmdvbm37s0003yz4r3efy6naa', '2025-08-03 06:48:58.309', 'GOUTAM DEBNATH', 'Action Taken', 'Call accepted.', NULL, false, NULL, '20250719004830-7CB1');
INSERT INTO public.audit_entries VALUES ('cmdvd26wm0000yztjhbrmbjwi', '2025-08-03 07:29:29.196', 'GOUTAM DEBNATH', 'Action Taken', 'Call accepted.', NULL, false, NULL, '20250712095000-BFC3');
INSERT INTO public.audit_entries VALUES ('cmdvd651t0001yztjalsgguqk', '2025-08-03 07:32:33.422', 'GOUTAM DEBNATH', 'Action Taken', 'Call accepted.', NULL, false, NULL, '20250712101100-1CB1');
INSERT INTO public.audit_entries VALUES ('cmdvsup7n0000yz4q31aqdne3', '2025-08-03 14:51:33.527', 'GOUTAM DEBNATH', 'Action Taken', 'call accepted.', NULL, false, NULL, '20250712101800-207F');
INSERT INTO public.audit_entries VALUES ('cmdvti6j30002yzo8fk5ipc9f', '2025-08-03 15:09:49.068', 'GOUTAM DEBNATH', 'Action Taken', 'Call accepted.', NULL, false, NULL, '20250803203911-B12F');
INSERT INTO public.audit_entries VALUES ('cme36r5ku0002yztng4x7ri81', '2025-08-08 18:55:05.981', 'GOUTAM DEBNATH', 'Action Taken', 'Call accepted.', NULL, false, NULL, '20250808002321-AEA4');
INSERT INTO public.audit_entries VALUES ('cme3uh4450001yz79ki8bevta', '2025-08-09 05:59:08.309', 'GOUTAM DEBNATH', 'Password Reset', 'ESS Password for user Standard User (111111) was reset to the default value.', NULL, false, NULL, '20250808002321-AEA4');
INSERT INTO public.audit_entries VALUES ('cme3uqtwn0003yz79at1daqk5', '2025-08-09 06:06:41.638', 'GOUTAM DEBNATH', 'Password Reset', 'ESS Password for user Standard User (111111) was reset to the default value: "dsp123"', NULL, false, NULL, '20250808002321-AEA4');
INSERT INTO public.audit_entries VALUES ('cme3v6c6s0005yz79iyweohzo', '2025-08-09 06:18:45.172', 'GOUTAM DEBNATH', 'Password Reset', 'ESS Password for user Standard User (111111) was reset to the default value.
**ID : 111111 ; Password : dsp123**', NULL, false, NULL, '20250808002321-AEA4');
INSERT INTO public.audit_entries VALUES ('cme3wrxhg0001yzuf9rlzgw9u', '2025-08-09 07:03:32.164', 'GOUTAM DEBNATH', 'Password Reset', 'ESS Password for user Standard User (111111) was reset to the default value.
**ID : 111111 ; Password : dsp123**', NULL, false, NULL, '20250808002321-AEA4');
INSERT INTO public.audit_entries VALUES ('cme3xd05d0003yzufflri5j1x', '2025-08-09 07:19:55.393', 'GOUTAM DEBNATH', 'Password Reset', 'ESS Password for user Standard User (111111) was reset to the default value.
**ID : 111111 ;   Password : dsp123**', NULL, false, NULL, '20250808002321-AEA4');
INSERT INTO public.audit_entries VALUES ('cme3xrmkq0001yzix6re3p5wc', '2025-08-09 07:31:17.641', 'GOUTAM DEBNATH', 'Password Reset', 'ESS Password for user Standard User (111111) was reset to the default value.
**ID : 111111 ;&nbsp;&nbsp;&nbsp;Password : dsp123**', NULL, false, NULL, '20250808002321-AEA4');
INSERT INTO public.audit_entries VALUES ('cme48z40x0001yz74x9eiapdv', '2025-08-09 12:45:02.625', 'GOUTAM DEBNATH', 'Password Reset', 'ESS Password for user Standard User (111111) was reset to the default value.
**ID : 111111 ;&nbsp;&nbsp;&nbsp;Password : dsp123**', NULL, false, NULL, '20250716113607-C8CB');
INSERT INTO public.audit_entries VALUES ('cme491imd0002yz744v0om5ig', '2025-08-09 12:46:54.849', 'GOUTAM DEBNATH', 'Action Taken', 'Call accepted.', NULL, false, NULL, '20250715200419-DE04');
INSERT INTO public.audit_entries VALUES ('cme4921iz0004yz74ls6bf057', '2025-08-09 12:47:19.355', 'GOUTAM DEBNATH', 'Password Reset', 'ESS Password for user Standard User (111111) was reset to the default value.
**ID : 111111 ;&nbsp;&nbsp;&nbsp;Password : dsp123**', NULL, false, NULL, '20250715200419-DE04');
INSERT INTO public.audit_entries VALUES ('cme4a0bih0005yz74k1uu4xjn', '2025-08-09 13:13:58.59', 'GOUTAM DEBNATH', 'Action Taken', 'Call accepted.', NULL, false, NULL, '20250714074400-BCDA');
INSERT INTO public.audit_entries VALUES ('cme4a1liu0006yz74ws7p8pt4', '2025-08-09 13:14:58.23', 'GOUTAM DEBNATH', 'Incident Type Changed', 'Incident Type changed to "SAP PASSWORD/AUTHENTICATION".
---
SAP password to reset.', NULL, false, NULL, '20250714074400-BCDA');
INSERT INTO public.audit_entries VALUES ('cme4asyt1000byz74zvhhldpm', '2025-08-09 13:36:15.156', 'GOUTAM DEBNATH', 'Action Taken', 'Call accepted.', NULL, false, NULL, '20250809190445-7E9B');
INSERT INTO public.audit_entries VALUES ('cme4au9e4000dyz74ac961o0b', '2025-08-09 13:37:15.532', 'GOUTAM DEBNATH', 'Password Reset', 'ESS Password for user Standard User (111111) was reset to the default value.
**ID : 111111 ;&nbsp;&nbsp;&nbsp;Password : dsp123**', NULL, false, NULL, '20250809190445-7E9B');
INSERT INTO public.audit_entries VALUES ('cme4av3n5000eyz74uvxhwqbh', '2025-08-09 13:37:54.735', 'GOUTAM DEBNATH', 'Action Taken', 'Informed to the user.', NULL, false, NULL, '20250809190445-7E9B');
INSERT INTO public.audit_entries VALUES ('cme4b2be8000fyz74qzcsogfd', '2025-08-09 13:43:31.374', 'GOUTAM DEBNATH', 'Action Taken', 'Call accepted.', NULL, false, NULL, '20250809190306-A907');
INSERT INTO public.audit_entries VALUES ('cme4cos4i000iyz74uuitrf5w', '2025-08-09 14:28:59.104', 'GOUTAM DEBNATH', 'Action Taken', 'Call accepted.', NULL, false, NULL, '20250809195804-F14C');


--
-- PostgreSQL database dump complete
--

